State,State Code,Year,Gender,Deaths,Population,Crude Rate
Alabama,1,2010,Female,23986,2459548,975.2
Alabama,1,2010,Male,24052,2320188,1036.6
Alabama,1,2011,Female,24070,2473249,973.2
Alabama,1,2011,Male,24611,2329491,1056.5
Alabama,1,2012,Female,24535,2483466,987.9
Alabama,1,2012,Male,24766,2338557,1059
Alabama,1,2013,Female,24420,2488375,981.4
Alabama,1,2013,Male,25769,2345347,1098.7
Alabama,1,2014,Female,24773,2499410,991.2
Alabama,1,2014,Male,25442,2349967,1082.7
Alabama,1,2015,Female,25306,2505795,1009.9
Alabama,1,2015,Male,26603,2353184,1130.5
Alabama,1,2016,Female,25618,2507714,1021.6
Alabama,1,2016,Male,26848,2355586,1139.8
Alabama,1,2017,Female,25855,2514911,1028.1
Alabama,1,2017,Male,27383,2359836,1160.4
Alabama,1,2018,Female,26278,2523756,1041.2
Alabama,1,2018,Male,28074,2364115,1187.5
Alabama,1,2019,Female,26020,2533668,1027
Alabama,1,2019,Male,28088,2369517,1185.4
Alabama,1,2020,Female,31040,2544566,1219.9
Alabama,1,2020,Male,33739,2376966,1419.4
Alaska,2,2010,Female,1597,340603,468.9
Alaska,2,2010,Male,2131,369628,576.5
Alaska,2,2011,Female,1623,347526,467
Alaska,2,2011,Male,2226,375192,593.3
Alaska,2,2012,Female,1692,350211,483.1
Alaska,2,2012,Male,2220,381238,582.3
Alaska,2,2013,Female,1750,349564,500.6
Alaska,2,2013,Male,2247,385568,582.8
Alaska,2,2014,Female,1722,349436,492.8
Alaska,2,2014,Male,2406,387296,621.2
Alaska,2,2015,Female,1866,349407,534
Alaska,2,2015,Male,2450,389025,629.8
Alaska,2,2016,Female,1907,353762,539.1
Alaska,2,2016,Male,2587,388132,666.5
Alaska,2,2017,Female,1889,353003,535.1
Alaska,2,2017,Male,2522,386792,652
Alaska,2,2018,Female,1908,352865,540.7
Alaska,2,2018,Male,2545,384573,661.8
Alaska,2,2019,Female,2007,350127,573.2
Alaska,2,2019,Male,2606,381418,683.2
Alaska,2,2020,Female,2172,349621,621.2
Alaska,2,2020,Male,2998,381537,785.8
Arizona,4,2010,Female,22065,3216194,686.1
Arizona,4,2010,Male,24697,3175823,777.7
Arizona,4,2011,Female,23081,3258634,708.3
Arizona,4,2011,Male,25300,3223871,784.8
Arizona,4,2012,Female,23314,3294772,707.6
Arizona,4,2012,Male,26235,3258483,805.1
Arizona,4,2013,Female,23937,3331505,718.5
Arizona,4,2013,Male,26597,3295119,807.2
Arizona,4,2014,Female,24239,3387637,715.5
Arizona,4,2014,Male,27299,3343847,816.4
Arizona,4,2015,Female,25401,3436575,739.1
Arizona,4,2015,Male,28898,3391490,852.1
Arizona,4,2016,Female,26106,3488176,748.4
Arizona,4,2016,Male,30539,3442895,887
Arizona,4,2017,Female,26750,3527969,758.2
Arizona,4,2017,Male,31008,3488301,888.9
Arizona,4,2018,Female,27171,3606307,753.4
Arizona,4,2018,Male,32111,3565339,900.6
Arizona,4,2019,Female,27611,3661420,754.1
Arizona,4,2019,Male,32625,3617297,901.9
Arizona,4,2020,Female,34285,3735475,917.8
Arizona,4,2020,Male,41462,3685926,1124.9
Arkansas,5,2010,Female,14126,1484281,951.7
Arkansas,5,2010,Male,14790,1431637,1033.1
Arkansas,5,2011,Female,14577,1495200,974.9
Arkansas,5,2011,Male,15076,1442779,1044.9
Arkansas,5,2012,Female,14832,1500641,988.4
Arkansas,5,2012,Male,15285,1448490,1055.2
Arkansas,5,2013,Female,14884,1505782,988.5
Arkansas,5,2013,Male,15553,1453591,1070
Arkansas,5,2014,Female,14803,1509053,980.9
Arkansas,5,2014,Male,15664,1457316,1074.9
Arkansas,5,2015,Female,15304,1515348,1009.9
Arkansas,5,2015,Male,16313,1462856,1115.1
Arkansas,5,2016,Female,15325,1520375,1008
Arkansas,5,2016,Male,16431,1467873,1119.4
Arkansas,5,2017,Female,15869,1528215,1038.4
Arkansas,5,2017,Male,16719,1476064,1132.7
Arkansas,5,2018,Female,15547,1533682,1013.7
Arkansas,5,2018,Male,16789,1480143,1134.3
Arkansas,5,2019,Female,15641,1536188,1018.2
Arkansas,5,2019,Male,17247,1481616,1164.1
Arkansas,5,2020,Female,18293,1543666,1185
Arkansas,5,2020,Male,19815,1486856,1332.7
California,6,2010,Female,115638,18736126,617.2
California,6,2010,Male,118374,18517830,639.2
California,6,2011,Female,118378,18943585,624.9
California,6,2011,Male,121564,18748327,648.4
California,6,2012,Female,119151,19122866,623.1
California,6,2012,Male,123403,18918564,652.3
California,6,2013,Female,121219,19268325,629.1
California,6,2013,Male,127140,19064196,666.9
California,6,2014,Female,119502,19533596,611.8
California,6,2014,Male,126427,19268904,656.1
California,6,2015,Female,126124,19701750,640.2
California,6,2015,Male,133082,19443068,684.5
California,6,2016,Female,126980,19756656,642.7
California,6,2016,Male,135260,19493361,693.9
California,6,2017,Female,129687,19889100,652.1
California,6,2017,Male,138502,19647553,704.9
California,6,2018,Female,128703,19893468,647
California,6,2018,Male,140115,19663577,712.6
California,6,2019,Female,128135,19867369,645
California,6,2019,Male,141696,19644854,721.3
California,6,2020,Female,148019,19790589,747.9
California,6,2020,Male,171789,19577489,877.5
Colorado,8,2010,Female,15612,2508534,622.4
Colorado,8,2010,Male,15853,2520662,628.9
Colorado,8,2011,Female,16037,2549601,629
Colorado,8,2011,Male,16526,2567195,643.7
Colorado,8,2012,Female,16297,2583877,630.7
Colorado,8,2012,Male,16836,2603705,646.6
Colorado,8,2013,Female,16571,2621921,632
Colorado,8,2013,Male,17141,2646446,647.7
Colorado,8,2014,Female,17172,2664707,644.4
Colorado,8,2014,Male,18065,2691159,671.3
Colorado,8,2015,Female,17659,2712811,650.9
Colorado,8,2015,Male,18690,2743763,681.2
Colorado,8,2016,Female,17889,2754727,649.4
Colorado,8,2016,Male,19641,2785818,705
Colorado,8,2017,Female,18398,2784821,660.7
Colorado,8,2017,Male,19665,2822333,696.8
Colorado,8,2018,Female,18298,2827696,647.1
Colorado,8,2018,Male,20228,2867868,705.3
Colorado,8,2019,Female,18793,2857388,657.7
Colorado,8,2019,Male,20597,2901348,709.9
Colorado,8,2020,Female,21918,2881832,760.6
Colorado,8,2020,Male,25000,2925887,854.4
Connecticut,9,2010,Female,14999,1834483,817.6
Connecticut,9,2010,Male,13693,1739614,787.1
Connecticut,9,2011,Female,15442,1835893,841.1
Connecticut,9,2011,Male,14084,1744816,807.2
Connecticut,9,2012,Female,15279,1840431,830.2
Connecticut,9,2012,Male,14037,1749916,802.2
Connecticut,9,2013,Female,15406,1841929,836.4
Connecticut,9,2013,Male,14226,1754151,811
Connecticut,9,2014,Female,15476,1842128,840.1
Connecticut,9,2014,Male,14384,1754549,819.8
Connecticut,9,2015,Female,15870,1839139,862.9
Connecticut,9,2015,Male,14665,1751747,837.2
Connecticut,9,2016,Female,15558,1830837,849.8
Connecticut,9,2016,Male,14985,1745615,858.4
Connecticut,9,2017,Female,16127,1836384,878.2
Connecticut,9,2017,Male,15185,1751800,866.8
Connecticut,9,2018,Female,15879,1829270,868.1
Connecticut,9,2018,Male,15351,1743395,880.5
Connecticut,9,2019,Female,15923,1825870,872.1
Connecticut,9,2019,Male,15822,1739417,909.6
Connecticut,9,2020,Female,18925,1822086,1038.6
Connecticut,9,2020,Male,18928,1734920,1091
Delaware,10,2010,Female,3818,462995,824.6
Delaware,10,2010,Male,3888,434939,893.9
Delaware,10,2011,Female,3958,467299,847
Delaware,10,2011,Male,3887,439836,883.7
Delaware,10,2012,Female,4017,472734,849.7
Delaware,10,2012,Male,3858,444358,868.2
Delaware,10,2013,Female,3934,477802,823.4
Delaware,10,2013,Male,4033,447947,900.3
Delaware,10,2014,Female,4068,482925,842.4
Delaware,10,2014,Male,4192,452689,926
Delaware,10,2015,Female,4208,488125,862.1
Delaware,10,2015,Male,4374,457809,955.4
Delaware,10,2016,Female,4277,491395,870.4
Delaware,10,2016,Male,4597,460670,997.9
Delaware,10,2017,Female,4427,496425,891.8
Delaware,10,2017,Male,4751,465514,1020.6
Delaware,10,2018,Female,4511,499244,903.6
Delaware,10,2018,Male,4922,467927,1051.9
Delaware,10,2019,Female,4376,502971,870
Delaware,10,2019,Male,4926,470793,1046.3
Delaware,10,2020,Female,5380,510069,1054.8
Delaware,10,2020,Male,5692,476740,1193.9
District of Columbia,11,2010,Female,2398,317501,755.3
District of Columbia,11,2010,Male,2274,284222,800.1
District of Columbia,11,2011,Female,2357,325775,723.5
District of Columbia,11,2011,Male,2232,292221,763.8
District of Columbia,11,2012,Female,2387,333282,716.2
District of Columbia,11,2012,Male,2263,299041,756.8
District of Columbia,11,2013,Female,2377,340199,698.7
District of Columbia,11,2013,Male,2342,306250,764.7
District of Columbia,11,2014,Female,2394,346293,691.3
District of Columbia,11,2014,Male,2329,312600,745
District of Columbia,11,2015,Female,2375,353627,671.6
District of Columbia,11,2015,Male,2496,318601,783.4
District of Columbia,11,2016,Female,2433,357940,679.7
District of Columbia,11,2016,Male,2604,323230,805.6
District of Columbia,11,2017,Female,2467,364773,676.3
District of Columbia,11,2017,Male,2498,329199,758.8
District of Columbia,11,2018,Female,2457,369148,665.6
District of Columbia,11,2018,Male,2551,333307,765.4
District of Columbia,11,2019,Female,2393,371038,644.9
District of Columbia,11,2019,Male,2534,334711,757.1
District of Columbia,11,2020,Female,2940,374884,784.2
District of Columbia,11,2020,Male,3258,337932,964.1
Florida,12,2010,Female,83574,9611955,869.5
Florida,12,2010,Male,90217,9189355,981.8
Florida,12,2011,Female,83686,9736166,859.5
Florida,12,2011,Male,90290,9321376,968.6
Florida,12,2012,Female,85580,9869741,867.1
Florida,12,2012,Male,91711,9447827,970.7
Florida,12,2013,Female,87437,9990213,875.2
Florida,12,2013,Male,93675,9562647,979.6
Florida,12,2014,Female,89094,10170011,876
Florida,12,2014,Male,96862,9723286,996.2
Florida,12,2015,Female,90998,10368733,877.6
Florida,12,2015,Male,100739,9902539,1017.3
Florida,12,2016,Female,93820,10542288,889.9
Florida,12,2016,Male,103493,10070151,1027.7
Florida,12,2017,Female,96344,10727581,898.1
Florida,12,2017,Male,107292,10256819,1046.1
Florida,12,2018,Female,97112,10887548,892
Florida,12,2018,Male,108314,10411777,1040.3
Florida,12,2019,Female,97394,10980681,887
Florida,12,2019,Male,109608,10497056,1044.2
Florida,12,2020,Female,111690,11113132,1005
Florida,12,2020,Male,127995,10620180,1205.2
Georgia,13,2010,Female,35696,4958482,719.9
Georgia,13,2010,Male,35567,4729171,752.1
Georgia,13,2011,Female,35914,5012403,716.5
Georgia,13,2011,Male,35334,4802807,735.7
Georgia,13,2012,Female,36406,5068921,718.2
Georgia,13,2012,Male,36441,4851024,751.2
Georgia,13,2013,Female,37042,5110806,724.8
Georgia,13,2013,Male,38046,4881361,779.4
Georgia,13,2014,Female,37970,5170356,734.4
Georgia,13,2014,Male,38917,4926987,789.9
Georgia,13,2015,Female,39415,5234978,752.9
Georgia,13,2015,Male,40527,4979882,813.8
Georgia,13,2016,Female,39738,5289906,751.2
Georgia,13,2016,Male,41690,5020465,830.4
Georgia,13,2017,Female,40569,5353872,757.8
Georgia,13,2017,Male,42529,5075507,837.9
Georgia,13,2018,Female,41608,5404059,769.9
Georgia,13,2018,Male,43594,5115416,852.2
Georgia,13,2019,Female,41722,5456999,764.6
Georgia,13,2019,Male,44092,5160424,854.4
Georgia,13,2020,Female,49469,5508468,898.1
Georgia,13,2020,Male,53606,5201549,1030.6
Hawaii,15,2010,Female,4344,679058,639.7
Hawaii,15,2010,Male,5273,681243,774
Hawaii,15,2011,Female,4602,685005,671.8
Hawaii,15,2011,Male,5321,689805,771.4
Hawaii,15,2012,Female,4793,690348,694.3
Hawaii,15,2012,Male,5481,701965,780.8
Hawaii,15,2013,Female,4911,694440,707.2
Hawaii,15,2013,Male,5594,709614,788.3
Hawaii,15,2014,Female,5059,701462,721.2
Hawaii,15,2014,Male,5708,718099,794.9
Hawaii,15,2015,Female,5243,706231,742.4
Hawaii,15,2015,Male,5810,725372,801
Hawaii,15,2016,Female,5117,710942,719.7
Hawaii,15,2016,Male,5796,717615,807.7
Hawaii,15,2017,Female,5294,711451,744.1
Hawaii,15,2017,Male,6096,716087,851.3
Hawaii,15,2018,Female,5330,709489,751.2
Hawaii,15,2018,Male,6085,711002,855.8
Hawaii,15,2019,Female,5377,707832,759.6
Hawaii,15,2019,Male,6182,708040,873.1
Hawaii,15,2020,Female,5531,702640,787.2
Hawaii,15,2020,Male,6502,704366,923.1
Idaho,16,2010,Female,5533,782258,707.3
Idaho,16,2010,Male,5896,785324,750.8
Idaho,16,2011,Female,5892,791358,744.5
Idaho,16,2011,Male,6135,793627,773
Idaho,16,2012,Female,5795,797116,727
Idaho,16,2012,Male,6203,798612,776.7
Idaho,16,2013,Female,6027,805052,748.6
Idaho,16,2013,Male,6407,807084,793.8
Idaho,16,2014,Female,6119,815968,749.9
Idaho,16,2014,Male,6494,818496,793.4
Idaho,16,2015,Female,6176,826183,747.5
Idaho,16,2015,Male,6850,828747,826.5
Idaho,16,2016,Female,6430,839608,765.8
Idaho,16,2016,Male,6936,843532,822.3
Idaho,16,2017,Female,6645,856485,775.8
Idaho,16,2017,Male,7366,860458,856.1
Idaho,16,2018,Female,6726,875131,768.6
Idaho,16,2018,Male,7535,879077,857.1
Idaho,16,2019,Female,6892,891137,773.4
Idaho,16,2019,Male,7538,895928,841.4
Idaho,16,2020,Female,7637,910789,838.5
Idaho,16,2020,Male,8765,916124,956.7
Illinois,17,2010,Female,51006,6538356,780.1
Illinois,17,2010,Male,48925,6292276,777.5
Illinois,17,2011,Female,52053,6555063,794.1
Illinois,17,2011,Male,49853,6314194,789.5
Illinois,17,2012,Female,51930,6555800,792.1
Illinois,17,2012,Male,50503,6319455,799.2
Illinois,17,2013,Female,52422,6555652,799.6
Illinois,17,2013,Male,50979,6326483,805.8
Illinois,17,2014,Female,53203,6559694,811.1
Illinois,17,2014,Male,52090,6320886,824.1
Illinois,17,2015,Female,53990,6545500,824.8
Illinois,17,2015,Male,52882,6314495,837.5
Illinois,17,2016,Female,53572,6509748,823
Illinois,17,2016,Male,53448,6291791,849.5
Illinois,17,2017,Female,54786,6509545,841.6
Illinois,17,2017,Male,54935,6292478,873
Illinois,17,2018,Female,54640,6480179,843.2
Illinois,17,2018,Male,55382,6260901,884.6
Illinois,17,2019,Female,53633,6445263,832.1
Illinois,17,2019,Male,55463,6226558,890.7
Illinois,17,2020,Female,64051,6402224,1000.4
Illinois,17,2020,Male,68612,6185306,1109.3
Indiana,18,2010,Female,28625,3294065,869
Indiana,18,2010,Male,28118,3189737,881.5
Indiana,18,2011,Female,29342,3309937,886.5
Indiana,18,2011,Male,28860,3206985,899.9
Indiana,18,2012,Female,29799,3319144,897.8
Indiana,18,2012,Male,29533,3218190,917.7
Indiana,18,2013,Female,30444,3334634,913
Indiana,18,2013,Male,30272,3236268,935.4
Indiana,18,2014,Female,30408,3347411,908.4
Indiana,18,2014,Male,30532,3249444,939.6
Indiana,18,2015,Female,31423,3357815,935.8
Indiana,18,2015,Male,31290,3261865,959.3
Indiana,18,2016,Female,31095,3363491,924.5
Indiana,18,2016,Male,32378,3269562,990.3
Indiana,18,2017,Female,32383,3379723,958.2
Indiana,18,2017,Male,33214,3287095,1010.4
Indiana,18,2018,Female,32416,3391576,955.8
Indiana,18,2018,Male,33277,3300302,1008.3
Indiana,18,2019,Female,32255,3411859,945.4
Indiana,18,2019,Male,33746,3320360,1016.3
Indiana,18,2020,Female,37921,3422994,1107.8
Indiana,18,2020,Male,40273,3331959,1208.7
Iowa,19,2010,Female,14292,1538036,929.2
Iowa,19,2010,Male,13453,1508319,891.9
Iowa,19,2011,Female,14610,1544894,945.7
Iowa,19,2011,Male,13574,1517415,894.5
Iowa,19,2012,Female,14611,1549698,942.8
Iowa,19,2012,Male,13778,1524488,903.8
Iowa,19,2013,Female,14653,1557015,941.1
Iowa,19,2013,Male,14295,1533401,932.2
Iowa,19,2014,Female,14814,1564081,947.1
Iowa,19,2014,Male,14376,1543045,931.7
Iowa,19,2015,Female,15036,1571873,956.6
Iowa,19,2015,Male,14564,1552026,938.4
Iowa,19,2016,Female,14880,1575574,944.4
Iowa,19,2016,Male,14658,1559119,940.1
Iowa,19,2017,Female,15273,1580978,966
Iowa,19,2017,Male,15257,1564733,975.1
Iowa,19,2018,Female,15086,1585338,951.6
Iowa,19,2018,Male,15281,1570807,972.8
Iowa,19,2019,Female,15271,1583995,964.1
Iowa,19,2019,Male,15596,1571075,992.7
Iowa,19,2020,Female,17671,1587866,1112.9
Iowa,19,2020,Male,18310,1575695,1162
Kansas,20,2010,Female,12291,1437710,854.9
Kansas,20,2010,Male,12211,1415408,862.7
Kansas,20,2011,Female,12863,1445436,889.9
Kansas,20,2011,Male,12253,1425802,859.4
Kansas,20,2012,Female,12689,1450624,874.7
Kansas,20,2012,Male,12456,1435281,867.8
Kansas,20,2013,Female,12908,1452009,889
Kansas,20,2013,Male,12506,1441948,867.3
Kansas,20,2014,Female,12825,1456666,880.4
Kansas,20,2014,Male,12968,1447355,896
Kansas,20,2015,Female,13451,1458008,922.6
Kansas,20,2015,Male,13213,1453633,909
Kansas,20,2016,Female,13124,1459530,899.2
Kansas,20,2016,Male,13121,1447759,906.3
Kansas,20,2017,Female,13306,1461167,910.6
Kansas,20,2017,Male,13757,1451956,947.5
Kansas,20,2018,Female,13665,1461099,935.3
Kansas,20,2018,Male,13872,1450406,956.4
Kansas,20,2019,Female,13657,1461617,934.4
Kansas,20,2019,Male,14025,1451697,966.1
Kansas,20,2020,Female,15365,1462265,1050.8
Kansas,20,2020,Male,16695,1451540,1150.2
Kentucky,21,2010,Female,20843,2204415,945.5
Kentucky,21,2010,Male,21140,2134952,990.2
Kentucky,21,2011,Female,21164,2219482,953.6
Kentucky,21,2011,Male,21462,2149874,998.3
Kentucky,21,2012,Female,21701,2222704,976.3
Kentucky,21,2012,Male,21963,2157711,1017.9
Kentucky,21,2013,Female,21493,2231899,963
Kentucky,21,2013,Male,22266,2163396,1029.2
Kentucky,21,2014,Female,21846,2240299,975.1
Kentucky,21,2014,Male,22992,2173158,1058
Kentucky,21,2015,Female,22577,2245998,1005.2
Kentucky,21,2015,Male,23987,2179094,1100.8
Kentucky,21,2016,Female,23417,2250421,1040.6
Kentucky,21,2016,Male,24410,2186553,1116.4
Kentucky,21,2017,Female,23456,2259871,1037.9
Kentucky,21,2017,Male,24756,2194318,1128.2
Kentucky,21,2018,Female,23627,2266891,1042.3
Kentucky,21,2018,Male,25080,2201511,1139.2
Kentucky,21,2019,Female,23672,2266644,1044.4
Kentucky,21,2019,Male,25318,2201029,1150.3
Kentucky,21,2020,Female,26680,2271906,1174.3
Kentucky,21,2020,Male,29200,2205345,1324.1
Louisiana,22,2010,Female,19862,2314080,858.3
Louisiana,22,2010,Male,20805,2219292,937.5
Louisiana,22,2011,Female,20061,2336467,858.6
Louisiana,22,2011,Male,20829,2238369,930.5
Louisiana,22,2012,Female,20646,2349843,878.6
Louisiana,22,2012,Male,21674,2252050,962.4
Louisiana,22,2013,Female,21017,2361537,890
Louisiana,22,2013,Male,22253,2263933,982.9
Louisiana,22,2014,Female,21299,2375737,896.5
Louisiana,22,2014,Male,22570,2273939,992.6
Louisiana,22,2015,Female,20880,2386915,874.8
Louisiana,22,2015,Male,22836,2283809,999.9
Louisiana,22,2016,Female,21301,2392296,890.4
Louisiana,22,2016,Male,23005,2289370,1004.9
Louisiana,22,2017,Female,21966,2394887,917.2
Louisiana,22,2017,Male,23838,2289446,1041.2
Louisiana,22,2018,Female,22100,2385219,926.5
Louisiana,22,2018,Male,23948,2274759,1052.8
Louisiana,22,2019,Female,21992,2381744,923.4
Louisiana,22,2019,Male,23946,2267050,1056.3
Louisiana,22,2020,Female,26850,2381158,1127.6
Louisiana,22,2020,Male,29902,2264160,1320.7
Maine,23,2010,Female,6473,678305,954.3
Maine,23,2010,Male,6277,650056,965.6
Maine,23,2011,Female,6564,678125,968
Maine,23,2011,Male,6437,650063,990.2
Maine,23,2012,Female,6455,678914,950.8
Maine,23,2012,Male,6415,650278,986.5
Maine,23,2013,Female,6719,678082,990.9
Maine,23,2013,Male,6828,650220,1050.1
Maine,23,2014,Female,6689,678818,985.4
Maine,23,2014,Male,6821,651271,1047.3
Maine,23,2015,Female,7268,678071,1071.9
Maine,23,2015,Male,7211,651257,1107.2
Maine,23,2016,Female,6976,678894,1027.6
Maine,23,2016,Male,7206,652585,1104.2
Maine,23,2017,Female,7284,681387,1069
Maine,23,2017,Male,7392,654520,1129.4
Maine,23,2018,Female,7183,683031,1051.6
Maine,23,2018,Male,7532,655373,1149.3
Maine,23,2019,Female,7287,686100,1062.1
Maine,23,2019,Male,7778,658112,1181.9
Maine,23,2020,Female,7545,688840,1095.3
Maine,23,2020,Male,8195,661301,1239.2
Maryland,24,2010,Female,22171,2981790,743.5
Maryland,24,2010,Male,21154,2791762,757.7
Maryland,24,2011,Female,22214,3007715,738.6
Maryland,24,2011,Male,21531,2820574,763.4
Maryland,24,2012,Female,22559,3034160,743.5
Maryland,24,2012,Male,21918,2850403,768.9
Maryland,24,2013,Female,23047,3054052,754.6
Maryland,24,2013,Male,22642,2874762,787.6
Maryland,24,2014,Female,23009,3079989,747
Maryland,24,2014,Male,22858,2896418,789.2
Maryland,24,2015,Female,23489,3095316,758.9
Maryland,24,2015,Male,23758,2911085,816.1
Maryland,24,2016,Female,24124,3101981,777.7
Maryland,24,2016,Male,24700,2914466,847.5
Maryland,24,2017,Female,24614,3118023,789.4
Maryland,24,2017,Male,25312,2934154,862.7
Maryland,24,2018,Female,24872,3113797,798.8
Maryland,24,2018,Male,25696,2928921,877.3
Maryland,24,2019,Female,24918,3116815,799.5
Maryland,24,2019,Male,25882,2928865,883.7
Maryland,24,2020,Female,29110,3123228,932
Maryland,24,2020,Male,30962,2932574,1055.8
Massachusetts,25,2010,Female,27445,3381001,811.7
Massachusetts,25,2010,Male,25138,3166628,793.8
Massachusetts,25,2011,Female,28054,3397995,825.6
Massachusetts,25,2011,Male,25656,3189541,804.4
Massachusetts,25,2012,Female,27885,3425771,814
Massachusetts,25,2012,Male,25292,3220373,785.4
Massachusetts,25,2013,Female,28538,3448008,827.7
Massachusetts,25,2013,Male,26029,3244816,802.2
Massachusetts,25,2014,Female,28310,3474584,814.8
Massachusetts,25,2014,Male,26890,3270824,822.1
Massachusetts,25,2015,Female,29895,3498304,854.6
Massachusetts,25,2015,Male,27911,3296118,846.8
Massachusetts,25,2016,Female,28947,3506128,825.6
Massachusetts,25,2016,Male,28014,3305651,847.5
Massachusetts,25,2017,Female,29649,3529454,840
Massachusetts,25,2017,Male,29154,3330365,875.4
Massachusetts,25,2018,Female,29884,3551621,841.4
Massachusetts,25,2018,Male,29268,3350528,873.5
Massachusetts,25,2019,Female,29474,3546935,831
Massachusetts,25,2019,Male,29156,3345568,871.5
Massachusetts,25,2020,Female,34300,3546542,967.1
Massachusetts,25,2020,Male,33923,3347032,1013.5
Michigan,26,2010,Female,44581,5035526,885.3
Michigan,26,2010,Male,43440,4848114,896
Michigan,26,2011,Female,45161,5030242,897.8
Michigan,26,2011,Male,44347,4845945,915.1
Michigan,26,2012,Female,45289,5032849,899.9
Michigan,26,2012,Male,44612,4850511,919.7
Michigan,26,2013,Female,46360,5036338,920.5
Michigan,26,2013,Male,46048,4859284,947.6
Michigan,26,2014,Female,46849,5041414,929.3
Michigan,26,2014,Male,47065,4868463,966.7
Michigan,26,2015,Female,47515,5044428,941.9
Michigan,26,2015,Male,47625,4878148,976.3
Michigan,26,2016,Female,47738,5043554,946.5
Michigan,26,2016,Male,48493,4884746,992.7
Michigan,26,2017,Female,48197,5058559,952.8
Michigan,26,2017,Male,49405,4903752,1007.5
Michigan,26,2018,Female,48705,5073772,959.9
Michigan,26,2018,Male,50198,4922143,1019.8
Michigan,26,2019,Female,48737,5068329,961.6
Michigan,26,2019,Male,50347,4918528,1023.6
Michigan,26,2020,Female,56516,5058742,1117.2
Michigan,26,2020,Male,60590,4907813,1234.6
Minnesota,27,2010,Female,19927,2671793,745.8
Minnesota,27,2010,Male,19045,2632132,723.6
Minnesota,27,2011,Female,20309,2689958,755
Minnesota,27,2011,Male,19511,2654903,734.9
Minnesota,27,2012,Female,20325,2706970,750.8
Minnesota,27,2012,Male,19691,2672169,736.9
Minnesota,27,2013,Female,20634,2727081,756.6
Minnesota,27,2013,Male,20353,2693299,755.7
Minnesota,27,2014,Female,20980,2745132,764.3
Minnesota,27,2014,Male,20465,2712041,754.6
Minnesota,27,2015,Female,21704,2759730,786.5
Minnesota,27,2015,Male,21096,2729864,772.8
Minnesota,27,2016,Female,21437,2772322,773.3
Minnesota,27,2016,Male,21641,2747630,787.6
Minnesota,27,2017,Female,22078,2799760,788.6
Minnesota,27,2017,Male,22293,2776846,802.8
Minnesota,27,2018,Female,22230,2816378,789.3
Minnesota,27,2018,Male,22515,2794801,805.6
Minnesota,27,2019,Female,22341,2829821,789.5
Minnesota,27,2019,Male,23173,2809811,824.7
Minnesota,27,2020,Female,25619,2838748,902.5
Minnesota,27,2020,Male,26753,2818594,949.2
Mississippi,28,2010,Female,14482,1526057,949
Mississippi,28,2010,Male,14483,1441240,1004.9
Mississippi,28,2011,Female,14388,1531968,939.2
Mississippi,28,2011,Male,14890,1446544,1029.3
Mississippi,28,2012,Female,14639,1535635,953.3
Mississippi,28,2012,Male,14905,1449291,1028.4
Mississippi,28,2013,Female,15010,1536620,976.8
Mississippi,28,2013,Male,15693,1454587,1078.9
Mississippi,28,2014,Female,14744,1539523,957.7
Mississippi,28,2014,Male,15813,1454556,1087.1
Mississippi,28,2015,Female,15395,1540483,999.4
Mississippi,28,2015,Male,16388,1451850,1128.8
Mississippi,28,2016,Female,15335,1539934,995.8
Mississippi,28,2016,Male,16406,1448792,1132.4
Mississippi,28,2017,Female,15624,1538222,1015.7
Mississippi,28,2017,Male,16656,1445878,1152
Mississippi,28,2018,Female,15523,1538795,1008.8
Mississippi,28,2018,Male,16778,1447735,1158.9
Mississippi,28,2019,Female,15643,1533857,1019.8
Mississippi,28,2019,Male,17321,1442292,1200.9
Mississippi,28,2020,Female,19151,1530971,1250.9
Mississippi,28,2020,Male,21039,1435815,1465.3
Missouri,29,2010,Female,28019,3055450,917
Missouri,29,2010,Male,27262,2933477,929.3
Missouri,29,2011,Female,28173,3066254,918.8
Missouri,29,2011,Male,27675,2944434,939.9
Missouri,29,2012,Female,27963,3070952,910.6
Missouri,29,2012,Male,28131,2951036,953.3
Missouri,29,2013,Female,28763,3080214,933.8
Missouri,29,2013,Male,28681,2963957,967.7
Missouri,29,2014,Female,28974,3089367,937.9
Missouri,29,2014,Male,29346,2974222,986.7
Missouri,29,2015,Female,29488,3098627,951.6
Missouri,29,2015,Male,30383,2985045,1017.8
Missouri,29,2016,Female,29435,3100965,949.2
Missouri,29,2016,Male,30438,2992035,1017.3
Missouri,29,2017,Female,30153,3111296,969.1
Missouri,29,2017,Male,31723,3002236,1056.6
Missouri,29,2018,Female,30771,3118889,986.6
Missouri,29,2018,Male,32346,3007563,1075.5
Missouri,29,2019,Female,30044,3124766,961.5
Missouri,29,2019,Male,32357,3012662,1074
Missouri,29,2020,Female,35366,3133825,1128.5
Missouri,29,2020,Male,38521,3017723,1276.5
Montana,30,2010,Female,4285,492748,869.6
Montana,30,2010,Male,4542,496667,914.5
Montana,30,2011,Female,4410,496966,887.4
Montana,30,2011,Male,4705,501233,938.7
Montana,30,2012,Female,4320,500192,863.7
Montana,30,2012,Male,4656,504949,922.1
Montana,30,2013,Female,4602,505367,910.6
Montana,30,2013,Male,4909,509798,962.9
Montana,30,2014,Female,4535,509456,890.2
Montana,30,2014,Male,4846,514123,942.6
Montana,30,2015,Female,4688,513619,912.7
Montana,30,2015,Male,5254,519330,1011.7
Montana,30,2016,Female,4754,517745,918.2
Montana,30,2016,Male,5151,524775,981.6
Montana,30,2017,Female,4902,521537,939.9
Montana,30,2017,Male,5298,528956,1001.6
Montana,30,2018,Female,4676,527453,886.5
Montana,30,2018,Male,5316,534852,993.9
Montana,30,2019,Female,4832,530712,910.5
Montana,30,2019,Male,5570,538066,1035.2
Montana,30,2020,Female,5407,536476,1007.9
Montana,30,2020,Male,6620,544101,1216.7
Nebraska,31,2010,Female,7708,920045,837.8
Nebraska,31,2010,Male,7463,906296,823.5
Nebraska,31,2011,Female,7939,927392,856.1
Nebraska,31,2011,Male,7537,915249,823.5
Nebraska,31,2012,Female,7920,933223,848.7
Nebraska,31,2012,Male,7739,922302,839.1
Nebraska,31,2013,Female,8072,938690,859.9
Nebraska,31,2013,Male,7682,929826,826.2
Nebraska,31,2014,Female,7953,944640,841.9
Nebraska,31,2014,Male,8025,936863,856.6
Nebraska,31,2015,Female,8414,951022,884.7
Nebraska,31,2015,Male,8326,945168,880.9
Nebraska,31,2016,Female,8188,956445,856.1
Nebraska,31,2016,Male,8029,950671,844.6
Nebraska,31,2017,Female,8370,961945,870.1
Nebraska,31,2017,Male,8508,958131,888
Nebraska,31,2018,Female,8375,965886,867.1
Nebraska,31,2018,Male,8529,963382,885.3
Nebraska,31,2019,Female,8446,967959,872.6
Nebraska,31,2019,Male,8524,966449,882
Nebraska,31,2020,Female,9507,969739,980.4
Nebraska,31,2020,Male,10042,967813,1037.6
Nevada,32,2010,Female,8985,1336935,672.1
Nevada,32,2010,Male,10638,1363616,780.1
Nevada,32,2011,Female,9350,1348764,693.2
Nevada,32,2011,Male,10993,1374558,799.7
Nevada,32,2012,Female,9498,1367724,694.4
Nevada,32,2012,Male,11287,1391207,811.3
Nevada,32,2013,Female,9870,1384702,712.8
Nevada,32,2013,Male,11598,1405434,825.2
Nevada,32,2014,Female,9733,1412306,689.2
Nevada,32,2014,Male,12060,1426793,845.3
Nevada,32,2015,Female,10424,1440294,723.7
Nevada,32,2015,Male,12455,1450551,858.6
Nevada,32,2016,Female,10729,1466061,731.8
Nevada,32,2016,Male,13173,1473997,893.7
Nevada,32,2017,Female,11007,1494290,736.6
Nevada,32,2017,Male,13650,1503749,907.7
Nevada,32,2018,Female,10900,1512837,720.5
Nevada,32,2018,Male,13815,1521555,908
Nevada,32,2019,Female,11285,1535329,735
Nevada,32,2019,Male,14301,1544827,925.7
Nevada,32,2020,Female,13411,1565619,856.6
Nevada,32,2020,Male,17207,1572640,1094.1
New Hampshire,33,2010,Female,5181,667076,776.7
New Hampshire,33,2010,Male,5020,649394,773
New Hampshire,33,2011,Female,5468,667341,819.4
New Hampshire,33,2011,Male,5355,650853,822.8
New Hampshire,33,2012,Female,5378,668481,804.5
New Hampshire,33,2012,Male,5352,652237,820.6
New Hampshire,33,2013,Female,5476,669746,817.6
New Hampshire,33,2013,Male,5421,653713,829.3
New Hampshire,33,2014,Female,5765,671344,858.7
New Hampshire,33,2014,Male,5751,655469,877.4
New Hampshire,33,2015,Female,5982,672952,888.9
New Hampshire,33,2015,Male,6002,657656,912.6
New Hampshire,33,2016,Female,5878,673935,872.2
New Hampshire,33,2016,Male,6325,660860,957.1
New Hampshire,33,2017,Female,6034,677786,890.3
New Hampshire,33,2017,Male,6470,665009,972.9
New Hampshire,33,2018,Female,6214,684192,908.2
New Hampshire,33,2018,Male,6560,672266,975.8
New Hampshire,33,2019,Female,6160,685918,898.1
New Hampshire,33,2019,Male,6584,673793,977.2
New Hampshire,33,2020,Female,6563,689281,952.2
New Hampshire,33,2020,Male,7137,676994,1054.2
New Jersey,34,2010,Female,36026,4512294,798.4
New Jersey,34,2010,Male,33469,4279600,782.1
New Jersey,34,2011,Female,36681,4520963,811.4
New Jersey,34,2011,Male,33877,4300192,787.8
New Jersey,34,2012,Female,36482,4540905,803.4
New Jersey,34,2012,Male,34052,4323685,787.6
New Jersey,34,2013,Female,36749,4555374,806.7
New Jersey,34,2013,Male,34654,4343965,797.8
New Jersey,34,2014,Female,36732,4576223,802.7
New Jersey,34,2014,Male,34584,4361952,792.9
New Jersey,34,2015,Female,37151,4585897,810.1
New Jersey,34,2015,Male,35120,4372116,803.3
New Jersey,34,2016,Female,37510,4576725,819.6
New Jersey,34,2016,Male,35645,4367744,816.1
New Jersey,34,2017,Female,38088,4609070,826.4
New Jersey,34,2017,Male,36758,4396574,836.1
New Jersey,34,2018,Female,38214,4556326,838.7
New Jersey,34,2018,Male,37551,4352194,862.8
New Jersey,34,2019,Female,37811,4541603,832.5
New Jersey,34,2019,Male,37199,4340587,857
New Jersey,34,2020,Female,47058,4539322,1036.7
New Jersey,34,2020,Male,48945,4343049,1127
New Mexico,35,2010,Female,7597,1041758,729.2
New Mexico,35,2010,Male,8334,1017421,819.1
New Mexico,35,2011,Female,7836,1052114,744.8
New Mexico,35,2011,Male,8616,1030110,836.4
New Mexico,35,2012,Female,7706,1052831,731.9
New Mexico,35,2012,Male,9004,1032707,871.9
New Mexico,35,2013,Female,7868,1051678,748.1
New Mexico,35,2013,Male,8937,1033609,864.6
New Mexico,35,2014,Female,8195,1052690,778.5
New Mexico,35,2014,Male,9384,1032882,908.5
New Mexico,35,2015,Female,8155,1051688,775.4
New Mexico,35,2015,Male,9530,1033421,922.2
New Mexico,35,2016,Female,8503,1050352,809.5
New Mexico,35,2016,Male,9862,1030663,956.9
New Mexico,35,2017,Female,8627,1053926,818.6
New Mexico,35,2017,Male,10046,1034144,971.4
New Mexico,35,2018,Female,8630,1058143,815.6
New Mexico,35,2018,Male,10377,1037285,1000.4
New Mexico,35,2019,Female,8915,1059397,841.5
New Mexico,35,2019,Male,10597,1037432,1021.5
New Mexico,35,2020,Female,10876,1063860,1022.3
New Mexico,35,2020,Male,12931,1042459,1240.4
New York,36,2010,Female,76104,10000955,761
New York,36,2010,Male,70328,9377147,750
New York,36,2011,Female,77469,10033393,772.1
New York,36,2011,Male,71705,9431804,760.2
New York,36,2012,Female,76871,10081044,762.5
New York,36,2012,Male,72120,9489217,760
New York,36,2013,Female,77709,10114934,768.3
New York,36,2013,Male,73210,9536193,767.7
New York,36,2014,Female,76740,10164966,754.9
New York,36,2014,Male,73204,9581261,764
New York,36,2015,Female,78530,10184278,771.1
New York,36,2015,Male,75098,9611513,781.3
New York,36,2016,Female,78092,10157924,768.8
New York,36,2016,Male,76266,9587365,795.5
New York,36,2017,Female,78521,10211937,768.9
New York,36,2017,Male,76837,9637462,797.3
New York,36,2018,Female,79614,10053779,791.9
New York,36,2018,Male,77569,9488430,817.5
New York,36,2019,Female,78313,10005715,782.7
New York,36,2019,Male,78062,9447846,826.2
New York,36,2020,Female,98848,9946279,993.8
New York,36,2020,Male,104493,9390497,1112.8
North Carolina,37,2010,Female,39541,4889991,808.6
North Carolina,37,2010,Male,39232,4645492,844.5
North Carolina,37,2011,Female,40240,4952679,812.5
North Carolina,37,2011,Male,39642,4703722,842.8
North Carolina,37,2012,Female,41443,4999175,829
North Carolina,37,2012,Male,40482,4752898,851.7
North Carolina,37,2013,Female,41750,5047448,827.2
North Carolina,37,2013,Male,41579,4800612,866.1
North Carolina,37,2014,Female,42488,5099371,833.2
North Carolina,37,2014,Male,42879,4844593,885.1
North Carolina,37,2015,Female,44589,5150777,865.7
North Carolina,37,2015,Male,44544,4892025,910.5
North Carolina,37,2016,Female,44868,5213836,860.6
North Carolina,37,2016,Male,45597,4932952,924.3
North Carolina,37,2017,Female,46071,5271981,873.9
North Carolina,37,2017,Male,47086,5001438,941.4
North Carolina,37,2018,Female,45742,5332759,857.8
North Carolina,37,2018,Male,48143,5050861,953.2
North Carolina,37,2019,Female,47014,5387820,872.6
North Carolina,37,2019,Male,48867,5100264,958.1
North Carolina,37,2020,Female,53050,5448241,973.7
North Carolina,37,2020,Male,56399,5152582,1094.6
North Dakota,38,2010,Female,2955,332727,888.1
North Dakota,38,2010,Male,2989,339864,879.5
North Dakota,38,2011,Female,2906,337662,860.6
North Dakota,38,2011,Male,3059,346270,883.4
North Dakota,38,2012,Female,3051,343886,887.2
North Dakota,38,2012,Male,2987,355742,839.7
North Dakota,38,2013,Female,3042,353392,860.8
North Dakota,38,2013,Male,3191,370001,862.4
North Dakota,38,2014,Female,3080,360463,854.5
North Dakota,38,2014,Male,3104,379019,819
North Dakota,38,2015,Female,3038,368074,825.4
North Dakota,38,2015,Male,3185,388853,819.1
North Dakota,38,2016,Female,3080,368978,834.7
North Dakota,38,2016,Male,3162,388974,812.9
North Dakota,38,2017,Female,3152,368094,856.3
North Dakota,38,2017,Male,3263,387299,842.5
North Dakota,38,2018,Female,3076,370727,829.7
North Dakota,38,2018,Male,3369,389350,865.3
North Dakota,38,2019,Female,3186,372030,856.4
North Dakota,38,2019,Male,3516,390032,901.5
North Dakota,38,2020,Female,3794,373494,1015.8
North Dakota,38,2020,Male,4258,391815,1086.7
Ohio,39,2010,Female,55723,5904348,943.8
Ohio,39,2010,Male,52988,5632156,940.8
Ohio,39,2011,Female,57303,5905599,970.3
Ohio,39,2011,Male,54124,5639352,959.8
Ohio,39,2012,Female,57625,5901605,976.4
Ohio,39,2012,Male,54873,5642620,972.5
Ohio,39,2013,Female,57754,5911149,977
Ohio,39,2013,Male,55504,5659659,980.7
Ohio,39,2014,Female,57575,5919391,972.7
Ohio,39,2014,Male,56934,5674772,1003.3
Ohio,39,2015,Female,59692,5926893,1007.1
Ohio,39,2015,Male,58496,5686530,1028.7
Ohio,39,2016,Female,59543,5922679,1005.3
Ohio,39,2016,Male,60029,5691694,1054.7
Ohio,39,2017,Female,61367,5945509,1032.2
Ohio,39,2017,Male,62281,5713100,1090.1
Ohio,39,2018,Female,61436,5958724,1031
Ohio,39,2018,Male,62828,5730718,1096.3
Ohio,39,2019,Female,61153,5958538,1026.3
Ohio,39,2019,Male,62564,5730562,1091.8
Ohio,39,2020,Female,70261,5960556,1178.8
Ohio,39,2020,Male,73439,5732661,1281.1
Oklahoma,40,2010,Female,18073,1894374,954
Oklahoma,40,2010,Male,18456,1856977,993.9
Oklahoma,40,2011,Female,18350,1913759,958.8
Oklahoma,40,2011,Male,18825,1877749,1002.5
Oklahoma,40,2012,Female,18238,1924995,947.4
Oklahoma,40,2012,Male,18632,1889825,985.9
Oklahoma,40,2013,Female,18763,1943276,965.5
Oklahoma,40,2013,Male,19621,1907292,1028.7
Oklahoma,40,2014,Female,18748,1957903,957.6
Oklahoma,40,2014,Male,19716,1920148,1026.8
Oklahoma,40,2015,Female,19045,1974214,964.7
Oklahoma,40,2015,Male,20377,1937124,1051.9
Oklahoma,40,2016,Female,19011,1979658,960.3
Oklahoma,40,2016,Male,20265,1943903,1042.5
Oklahoma,40,2017,Female,19647,1983302,990.6
Oklahoma,40,2017,Male,20805,1947562,1068.3
Oklahoma,40,2018,Female,19659,1990033,987.9
Oklahoma,40,2018,Male,21274,1953046,1089.3
Oklahoma,40,2019,Female,19557,1996313,979.7
Oklahoma,40,2019,Male,21373,1960658,1090.1
Oklahoma,40,2020,Female,22646,2009602,1126.9
Oklahoma,40,2020,Male,25163,1971181,1276.5
Oregon,41,2010,Female,16002,1935072,826.9
Oregon,41,2010,Male,15888,1896002,838
Oregon,41,2011,Female,16310,1955239,834.2
Oregon,41,2011,Male,16478,1916620,859.7
Oregon,41,2012,Female,16248,1968641,825.3
Oregon,41,2012,Male,16511,1930712,855.2
Oregon,41,2013,Female,16763,1985655,844.2
Oregon,41,2013,Male,17176,1944410,883.4
Oregon,41,2014,Female,16715,2006139,833.2
Oregon,41,2014,Male,17436,1964100,887.7
Oregon,41,2015,Female,17698,2035807,869.3
Oregon,41,2015,Male,18007,1993170,903.4
Oregon,41,2016,Female,17413,2066455,842.7
Oregon,41,2016,Male,18365,2027010,906
Oregon,41,2017,Female,17947,2089787,858.8
Oregon,41,2017,Male,18677,2052989,909.7
Oregon,41,2018,Female,17516,2113219,828.9
Oregon,41,2018,Male,18671,2077494,898.7
Oregon,41,2019,Female,18031,2127010,847.7
Oregon,41,2019,Male,19339,2090727,925
Oregon,41,2020,Female,19084,2139046,892.2
Oregon,41,2020,Male,21136,2102461,1005.3
Pennsylvania,42,2010,Female,64134,6512016,984.9
Pennsylvania,42,2010,Male,60462,6190363,976.7
Pennsylvania,42,2011,Female,66140,6528324,1013.1
Pennsylvania,42,2011,Male,62097,6214562,999.2
Pennsylvania,42,2012,Female,65249,6533359,998.7
Pennsylvania,42,2012,Male,61732,6230177,990.9
Pennsylvania,42,2013,Female,66239,6531461,1014.2
Pennsylvania,42,2013,Male,62884,6242340,1007.4
Pennsylvania,42,2014,Female,65430,6533392,1001.5
Pennsylvania,42,2014,Male,63004,6253817,1007.4
Pennsylvania,42,2015,Female,67475,6538129,1032
Pennsylvania,42,2015,Male,65123,6264374,1039.6
Pennsylvania,42,2016,Female,66918,6523033,1025.9
Pennsylvania,42,2016,Male,66122,6261194,1056.1
Pennsylvania,42,2017,Female,68278,6534208,1044.9
Pennsylvania,42,2017,Male,67378,6271329,1074.4
Pennsylvania,42,2018,Female,67369,6532400,1031.3
Pennsylvania,42,2018,Male,67333,6274660,1073.1
Pennsylvania,42,2019,Female,66959,6527628,1025.8
Pennsylvania,42,2019,Male,67024,6274361,1068.2
Pennsylvania,42,2020,Female,77234,6516212,1185.3
Pennsylvania,42,2020,Male,78312,6267042,1249.6
Rhode Island,44,2010,Female,5016,544167,921.8
Rhode Island,44,2010,Male,4563,508400,897.5
Rhode Island,44,2011,Female,5038,543055,927.7
Rhode Island,44,2011,Male,4543,508247,893.9
Rhode Island,44,2012,Female,4864,542016,897.4
Rhode Island,44,2012,Male,4490,508276,883.4
Rhode Island,44,2013,Female,5093,542084,939.5
Rhode Island,44,2013,Male,4699,509427,922.4
Rhode Island,44,2014,Female,5146,543810,946.3
Rhode Island,44,2014,Male,4624,511363,904.3
Rhode Island,44,2015,Female,5265,544349,967.2
Rhode Island,44,2015,Male,4898,511949,956.7
Rhode Island,44,2016,Female,5087,543345,936.2
Rhode Island,44,2016,Male,4648,513081,905.9
Rhode Island,44,2017,Female,5240,544648,962.1
Rhode Island,44,2017,Male,4917,514991,954.8
Rhode Island,44,2018,Female,5158,542983,949.9
Rhode Island,44,2018,Male,4925,514332,957.6
Rhode Island,44,2019,Female,5298,543686,974.5
Rhode Island,44,2019,Male,4958,515675,961.5
Rhode Island,44,2020,Female,5960,542433,1098.8
Rhode Island,44,2020,Male,5859,514692,1138.4
South Carolina,45,2010,Female,20398,2375263,858.8
South Carolina,45,2010,Male,21216,2250101,942.9
South Carolina,45,2011,Female,20853,2402602,867.9
South Carolina,45,2011,Male,21219,2276628,932
South Carolina,45,2012,Female,21422,2426510,882.8
South Carolina,45,2012,Male,21776,2297213,947.9
South Carolina,45,2013,Female,21775,2451720,888.2
South Carolina,45,2013,Male,22807,2323119,981.7
South Carolina,45,2014,Female,22177,2483088,893.1
South Carolina,45,2014,Male,23277,2349394,990.8
South Carolina,45,2015,Female,22977,2517178,912.8
South Carolina,45,2015,Male,24221,2378968,1018.1
South Carolina,45,2016,Female,23200,2553185,908.7
South Carolina,45,2016,Male,24930,2407934,1035.3
South Carolina,45,2017,Female,23571,2586682,911.2
South Carolina,45,2017,Male,25870,2437687,1061.3
South Carolina,45,2018,Female,24323,2620801,928.1
South Carolina,45,2018,Male,26317,2463326,1068.4
South Carolina,45,2019,Female,24336,2655575,916.4
South Carolina,45,2019,Male,26626,2493139,1068
South Carolina,45,2020,Female,28941,2694628,1074
South Carolina,45,2020,Male,32282,2523412,1279.3
South Dakota,46,2010,Female,3539,406799,870
South Dakota,46,2010,Male,3561,407381,874.1
South Dakota,46,2011,Female,3691,410905,898.3
South Dakota,46,2011,Male,3623,413177,876.9
South Dakota,46,2012,Female,3679,415038,886.4
South Dakota,46,2012,Male,3654,418316,873.5
South Dakota,46,2013,Female,3496,420499,831.4
South Dakota,46,2013,Male,3603,424378,849
South Dakota,46,2014,Female,3659,423862,863.3
South Dakota,46,2014,Male,3848,429313,896.3
South Dakota,46,2015,Female,3763,426493,882.3
South Dakota,46,2015,Male,3968,431976,918.6
South Dakota,46,2016,Female,3790,429182,883.1
South Dakota,46,2016,Male,4055,436272,929.5
South Dakota,46,2017,Female,3884,430706,901.8
South Dakota,46,2017,Male,4112,438960,936.8
South Dakota,46,2018,Female,3806,436704,871.5
South Dakota,46,2018,Male,4165,445531,934.8
South Dakota,46,2019,Female,4028,437902,919.8
South Dakota,46,2019,Male,4242,446757,949.5
South Dakota,46,2020,Female,4606,442058,1041.9
South Dakota,46,2020,Male,5255,450659,1166.1
Tennessee,47,2010,Female,29645,3252601,911.4
Tennessee,47,2010,Male,29933,3093504,967.6
Tennessee,47,2011,Female,30017,3282422,914.5
Tennessee,47,2011,Male,30524,3120931,978
Tennessee,47,2012,Female,30742,3307480,929.5
Tennessee,47,2012,Male,31214,3148763,991.3
Tennessee,47,2013,Female,31417,3328884,943.8
Tennessee,47,2013,Male,31989,3167094,1010
Tennessee,47,2014,Female,31804,3357172,947.3
Tennessee,47,2014,Male,32857,3192180,1029.3
Tennessee,47,2015,Female,32837,3382838,970.7
Tennessee,47,2015,Male,33733,3217461,1048.4
Tennessee,47,2016,Female,33301,3408679,976.9
Tennessee,47,2016,Male,34556,3242515,1065.7
Tennessee,47,2017,Female,34025,3440018,989.1
Tennessee,47,2017,Male,36071,3275966,1101.1
Tennessee,47,2018,Female,34692,3467086,1000.6
Tennessee,47,2018,Male,36386,3302924,1101.6
Tennessee,47,2019,Female,34217,3496935,978.5
Tennessee,47,2019,Male,37718,3332239,1131.9
Tennessee,47,2020,Female,39873,3528814,1129.9
Tennessee,47,2020,Male,44332,3358020,1320.2
Texas,48,2010,Female,81400,12673281,642.3
Texas,48,2010,Male,85127,12472280,682.5
Texas,48,2011,Female,82524,12932239,638.1
Texas,48,2011,Male,86116,12742442,675.8
Texas,48,2012,Female,84677,13111469,645.8
Texas,48,2012,Male,89510,12947734,691.3
Texas,48,2013,Female,86827,13301191,652.8
Texas,48,2013,Male,92356,13147002,702.5
Texas,48,2014,Female,88534,13574572,652.2
Texas,48,2014,Male,95378,13382386,712.7
Texas,48,2015,Female,91535,13831324,661.8
Texas,48,2015,Male,98119,13637790,719.5
Texas,48,2016,Female,91786,14031164,654.2
Texas,48,2016,Male,100180,13831432,724.3
Texas,48,2017,Female,94467,14242803,663.3
Texas,48,2017,Male,103639,14061793,737
Texas,48,2018,Female,95697,14441739,662.6
Texas,48,2018,Male,106514,14260106,746.9
Texas,48,2019,Female,95866,14593179,656.9
Texas,48,2019,Male,107496,14402702,746.4
Texas,48,2020,Female,115726,14779708,783
Texas,48,2020,Male,134613,14581051,923.2
Utah,49,2010,Female,7135,1375568,518.7
Utah,49,2010,Male,7641,1388317,550.4
Utah,49,2011,Female,7538,1401715,537.8
Utah,49,2011,Male,7728,1415507,546
Utah,49,2012,Female,7676,1419427,540.8
Utah,49,2012,Male,8000,1435860,557.2
Utah,49,2013,Female,8001,1441891,554.9
Utah,49,2013,Male,8365,1458981,573.3
Utah,49,2014,Female,8190,1463152,559.8
Utah,49,2014,Male,8529,1479750,576.4
Utah,49,2015,Female,8462,1488819,568.4
Utah,49,2015,Male,8872,1507100,588.7
Utah,49,2016,Female,8535,1515323,563.2
Utah,49,2016,Male,9378,1535894,610.6
Utah,49,2017,Female,8569,1540145,556.4
Utah,49,2017,Male,9466,1561688,606.1
Utah,49,2018,Female,8749,1568962,557.6
Utah,49,2018,Male,9605,1592143,603.3
Utah,49,2019,Female,8941,1591041,562
Utah,49,2019,Male,9795,1614917,606.5
Utah,49,2020,Female,10171,1612139,630.9
Utah,49,2020,Male,11326,1637740,691.6
Vermont,50,2010,Female,2715,317535,855
Vermont,50,2010,Male,2665,308206,864.7
Vermont,50,2011,Female,2773,317581,873.2
Vermont,50,2011,Male,2660,308850,861.3
Vermont,50,2012,Female,2745,317233,865.3
Vermont,50,2012,Male,2746,308778,889.3
Vermont,50,2013,Female,2824,317442,889.6
Vermont,50,2013,Male,2815,309188,910.4
Vermont,50,2014,Female,2865,317713,901.8
Vermont,50,2014,Male,2758,308849,893
Vermont,50,2015,Female,2961,317516,932.6
Vermont,50,2015,Male,2958,308526,958.8
Vermont,50,2016,Female,2922,316128,924.3
Vermont,50,2016,Male,2987,308466,968.3
Vermont,50,2017,Female,2972,315401,942.3
Vermont,50,2017,Male,3035,308256,984.6
Vermont,50,2018,Female,2977,317047,939
Vermont,50,2018,Male,3050,309252,986.3
Vermont,50,2019,Female,2869,315673,908.9
Vermont,50,2019,Male,3087,308316,1001.2
Vermont,50,2020,Female,3119,315355,989
Vermont,50,2020,Male,3340,307992,1084.4
Virginia,51,2010,Female,29764,4075041,730.4
Virginia,51,2010,Male,29268,3925983,745.5
Virginia,51,2011,Female,30808,4120439,747.7
Virginia,51,2011,Male,29996,3976165,754.4
Virginia,51,2012,Female,31035,4164342,745.3
Virginia,51,2012,Male,30529,4021525,759.1
Virginia,51,2013,Female,31576,4198203,752.1
Virginia,51,2013,Male,31140,4062202,766.6
Virginia,51,2014,Female,31909,4231045,754.2
Virginia,51,2014,Male,31689,4095244,773.8
Virginia,51,2015,Female,32737,4258228,768.8
Virginia,51,2015,Male,32840,4124765,796.2
Virginia,51,2016,Female,32811,4274994,767.5
Virginia,51,2016,Male,33662,4136814,813.7
Virginia,51,2017,Female,33692,4303293,782.9
Virginia,51,2017,Male,34887,4166727,837.3
Virginia,51,2018,Female,33942,4327037,784.4
Virginia,51,2018,Male,35417,4190648,845.1
Virginia,51,2019,Female,34476,4335262,795.2
Virginia,51,2019,Male,35849,4200257,853.5
Virginia,51,2020,Female,39105,4363032,896.3
Virginia,51,2020,Male,41491,4227531,981.4
Washington,53,2010,Female,23886,3374833,707.8
Washington,53,2010,Male,24260,3349707,724.2
Washington,53,2011,Female,24650,3420356,720.7
Washington,53,2011,Male,25041,3409682,734.4
Washington,53,2012,Female,24543,3455462,710.3
Washington,53,2012,Male,25562,3441550,742.7
Washington,53,2013,Female,25291,3488736,724.9
Washington,53,2013,Male,25973,3482670,745.8
Washington,53,2014,Female,25432,3531595,720.1
Washington,53,2014,Male,26667,3529935,755.5
Washington,53,2015,Female,26792,3585353,747.3
Washington,53,2015,Male,27803,3584998,775.5
Washington,53,2016,Female,26522,3646600,727.3
Washington,53,2016,Male,28247,3641400,775.7
Washington,53,2017,Female,27540,3702270,743.9
Washington,53,2017,Male,29455,3703473,795.3
Washington,53,2018,Female,27483,3765680,729.8
Washington,53,2018,Male,29394,3769911,779.7
Washington,53,2019,Female,28070,3802910,738.1
Washington,53,2019,Male,30193,3811983,792.1
Washington,53,2020,Female,29947,3840014,779.9
Washington,53,2020,Male,33199,3853598,861.5
West Virginia,54,2010,Female,10557,939408,1123.8
West Virginia,54,2010,Male,10718,913586,1173.2
West Virginia,54,2011,Female,10816,940283,1150.3
West Virginia,54,2011,Male,11051,915081,1207.7
West Virginia,54,2012,Female,10900,940008,1159.6
West Virginia,54,2012,Male,11015,915405,1203.3
West Virginia,54,2013,Female,10765,938728,1146.8
West Virginia,54,2013,Male,11078,915576,1209.9
West Virginia,54,2014,Female,10751,936411,1148.1
West Virginia,54,2014,Male,11435,913915,1251.2
West Virginia,54,2015,Female,11168,933068,1196.9
West Virginia,54,2015,Male,11584,911060,1271.5
West Virginia,54,2016,Female,11010,925159,1190.1
West Virginia,54,2016,Male,11722,905943,1293.9
West Virginia,54,2017,Female,11290,917237,1230.9
West Virginia,54,2017,Male,11986,898620,1333.8
West Virginia,54,2018,Female,11347,911492,1244.9
West Virginia,54,2018,Male,12131,894340,1356.4
West Virginia,54,2019,Female,11236,904377,1242.4
West Virginia,54,2019,Male,12168,887770,1370.6
West Virginia,54,2020,Female,12226,900511,1357.7
West Virginia,54,2020,Male,13880,884276,1569.6
Wisconsin,55,2010,Female,24046,2864586,839.4
Wisconsin,55,2010,Male,23262,2822400,824.2
Wisconsin,55,2011,Female,24739,2875675,860.3
Wisconsin,55,2011,Male,23671,2836092,834.6
Wisconsin,55,2012,Female,24557,2883326,851.7
Wisconsin,55,2012,Male,23827,2843072,838.1
Wisconsin,55,2013,Female,25212,2890553,872.2
Wisconsin,55,2013,Male,24814,2852160,870
Wisconsin,55,2014,Female,25488,2898057,879.5
Wisconsin,55,2014,Male,24803,2859507,867.4
Wisconsin,55,2015,Female,25564,2903737,880.4
Wisconsin,55,2015,Male,25700,2867600,896.2
Wisconsin,55,2016,Female,25778,2905282,887.3
Wisconsin,55,2016,Male,26037,2873426,906.1
Wisconsin,55,2017,Female,25812,2912745,886.2
Wisconsin,55,2017,Male,26869,2882738,932.1
Wisconsin,55,2018,Female,26517,2921295,907.7
Wisconsin,55,2018,Male,27167,2892273,939.3
Wisconsin,55,2019,Female,26485,2925225,905.4
Wisconsin,55,2019,Male,27704,2897209,956.2
Wisconsin,55,2020,Female,30263,2928939,1033.2
Wisconsin,55,2020,Male,32443,2903716,1117.3
Wyoming,56,2010,Female,2185,276189,791.1
Wyoming,56,2010,Male,2253,287437,783.8
Wyoming,56,2011,Female,2058,278401,739.2
Wyoming,56,2011,Male,2329,289757,803.8
Wyoming,56,2012,Female,2119,282131,751.1
Wyoming,56,2012,Male,2362,294281,802.6
Wyoming,56,2013,Female,2102,285380,736.6
Wyoming,56,2013,Male,2414,297278,812
Wyoming,56,2014,Female,2192,286111,766.1
Wyoming,56,2014,Male,2474,298042,830.1
Wyoming,56,2015,Female,2228,287206,775.7
Wyoming,56,2015,Male,2550,298901,853.1
Wyoming,56,2016,Female,2208,286559,770.5
Wyoming,56,2016,Male,2514,298942,841
Wyoming,56,2017,Female,2229,283877,785.2
Wyoming,56,2017,Male,2539,295438,859.4
Wyoming,56,2018,Female,2394,283203,845.3
Wyoming,56,2018,Male,2676,294534,908.6
Wyoming,56,2019,Female,2323,284029,817.9
Wyoming,56,2019,Male,2798,294730,949.3
Wyoming,56,2020,Female,2725,285437,954.7
Wyoming,56,2020,Male,3258,296891,1097.4
