State Code,State,Year,Quarter,GDP
1,Alabama,2010,1,172778.3
1,Alabama,2010,2,175855.6
1,Alabama,2010,3,179801.4
1,Alabama,2010,4,180561.3
1,Alabama,2011,1,180499.3
1,Alabama,2011,2,182689.4
1,Alabama,2011,3,185011.7
1,Alabama,2011,4,187466.1
1,Alabama,2012,1,188424.6
1,Alabama,2012,2,190053.1
1,Alabama,2012,3,189027.2
1,Alabama,2012,4,189477.2
1,Alabama,2013,1,194124.9
1,Alabama,2013,2,193786.5
1,Alabama,2013,3,195890.8
1,Alabama,2013,4,195345.5
1,Alabama,2014,1,193282.5
1,Alabama,2014,2,196937.5
1,Alabama,2014,3,199296.5
1,Alabama,2014,4,200110.9
1,Alabama,2015,1,199782.1
1,Alabama,2015,2,202344.6
1,Alabama,2015,3,203858.1
1,Alabama,2015,4,203504.8
1,Alabama,2016,1,204559.5
1,Alabama,2016,2,206632.4
1,Alabama,2016,3,208258.3
1,Alabama,2016,4,210023.3
1,Alabama,2017,1,212191.3
1,Alabama,2017,2,213475.7
1,Alabama,2017,3,215709.6
1,Alabama,2017,4,218967.1
1,Alabama,2018,1,221204.8
1,Alabama,2018,2,223945.9
1,Alabama,2018,3,224763.8
1,Alabama,2018,4,226273.2
1,Alabama,2019,1,227784.8
1,Alabama,2019,2,230344.1
1,Alabama,2019,3,232334.9
1,Alabama,2019,4,234223.7
1,Alabama,2020,1,233524.8
1,Alabama,2020,2,211063.6
1,Alabama,2020,3,230033.7
1,Alabama,2020,4,232963.8
1,Alabama,2021,1,237303
1,Alabama,2021,2,243554.6
1,Alabama,2021,3,248543.2
2,Alaska,2010,1,51903.8
2,Alaska,2010,2,52922.5
2,Alaska,2010,3,53903.5
2,Alaska,2010,4,54596.6
2,Alaska,2011,1,54492.2
2,Alaska,2011,2,57059.1
2,Alaska,2011,3,57102.2
2,Alaska,2011,4,58932
2,Alaska,2012,1,58499.4
2,Alaska,2012,2,58652.9
2,Alaska,2012,3,58301.9
2,Alaska,2012,4,57680.4
2,Alaska,2013,1,57879.2
2,Alaska,2013,2,56608.4
2,Alaska,2013,3,57823.3
2,Alaska,2013,4,56679.9
2,Alaska,2014,1,56871.6
2,Alaska,2014,2,57354.7
2,Alaska,2014,3,56748.9
2,Alaska,2014,4,54964.6
2,Alaska,2015,1,52146.2
2,Alaska,2015,2,52193.5
2,Alaska,2015,3,51181.2
2,Alaska,2015,4,50442.7
2,Alaska,2016,1,48896
2,Alaska,2016,2,50098.6
2,Alaska,2016,3,51154.8
2,Alaska,2016,4,52761.2
2,Alaska,2017,1,51551.1
2,Alaska,2017,2,52582.9
2,Alaska,2017,3,53416.9
2,Alaska,2017,4,54806.4
2,Alaska,2018,1,53837.8
2,Alaska,2018,2,54760.5
2,Alaska,2018,3,55117.7
2,Alaska,2018,4,55130.9
2,Alaska,2019,1,54185.2
2,Alaska,2019,2,54590.7
2,Alaska,2019,3,54569.6
2,Alaska,2019,4,54842.9
2,Alaska,2020,1,53066.2
2,Alaska,2020,2,45332.2
2,Alaska,2020,3,49715.7
2,Alaska,2020,4,51165.8
2,Alaska,2021,1,52373.8
2,Alaska,2021,2,54020.3
2,Alaska,2021,3,55530.7
4,Arizona,2010,1,245589.8
4,Arizona,2010,2,249783
4,Arizona,2010,3,252857.5
4,Arizona,2010,4,256381.9
4,Arizona,2011,1,256374.6
4,Arizona,2011,2,258934.3
4,Arizona,2011,3,261472.5
4,Arizona,2011,4,266881.5
4,Arizona,2012,1,269074.1
4,Arizona,2012,2,271604.9
4,Arizona,2012,3,271633.6
4,Arizona,2012,4,273447.5
4,Arizona,2013,1,275876.3
4,Arizona,2013,2,276875.9
4,Arizona,2013,3,279361.5
4,Arizona,2013,4,282252.8
4,Arizona,2014,1,283488.1
4,Arizona,2014,2,286289
4,Arizona,2014,3,289914
4,Arizona,2014,4,290975.5
4,Arizona,2015,1,295882.1
4,Arizona,2015,2,298929.9
4,Arizona,2015,3,299379
4,Arizona,2015,4,303382
4,Arizona,2016,1,308254
4,Arizona,2016,2,310978.5
4,Arizona,2016,3,314562.4
4,Arizona,2016,4,318530.6
4,Arizona,2017,1,324770.9
4,Arizona,2017,2,327998.9
4,Arizona,2017,3,331786
4,Arizona,2017,4,337108.7
4,Arizona,2018,1,344678
4,Arizona,2018,2,349542.9
4,Arizona,2018,3,351746.3
4,Arizona,2018,4,353662.6
4,Arizona,2019,1,364486.7
4,Arizona,2019,2,368980.4
4,Arizona,2019,3,371745
4,Arizona,2019,4,374740.6
4,Arizona,2020,1,383723.3
4,Arizona,2020,2,348825.5
4,Arizona,2020,3,378535.8
4,Arizona,2020,4,383791.3
4,Arizona,2021,1,388598.8
4,Arizona,2021,2,400155.7
4,Arizona,2021,3,409577.4
5,Arkansas,2010,1,98284.6
5,Arkansas,2010,2,101131.8
5,Arkansas,2010,3,102983.7
5,Arkansas,2010,4,103546
5,Arkansas,2011,1,104016.7
5,Arkansas,2011,2,105355.4
5,Arkansas,2011,3,106202.4
5,Arkansas,2011,4,107497.9
5,Arkansas,2012,1,108006.5
5,Arkansas,2012,2,108549.9
5,Arkansas,2012,3,108667.9
5,Arkansas,2012,4,108744.1
5,Arkansas,2013,1,112468.8
5,Arkansas,2013,2,112520.9
5,Arkansas,2013,3,113828.9
5,Arkansas,2013,4,114090.7
5,Arkansas,2014,1,114519
5,Arkansas,2014,2,115882.2
5,Arkansas,2014,3,116756.3
5,Arkansas,2014,4,117400.3
5,Arkansas,2015,1,116367.9
5,Arkansas,2015,2,117583.7
5,Arkansas,2015,3,118665.1
5,Arkansas,2015,4,118530.4
5,Arkansas,2016,1,117857.9
5,Arkansas,2016,2,118804.7
5,Arkansas,2016,3,119471.4
5,Arkansas,2016,4,120475.6
5,Arkansas,2017,1,120147.4
5,Arkansas,2017,2,121367
5,Arkansas,2017,3,122777.4
5,Arkansas,2017,4,125108.8
5,Arkansas,2018,1,125095.1
5,Arkansas,2018,2,127179.7
5,Arkansas,2018,3,127904
5,Arkansas,2018,4,129047.2
5,Arkansas,2019,1,128697
5,Arkansas,2019,2,130155.7
5,Arkansas,2019,3,131572.3
5,Arkansas,2019,4,132934.4
5,Arkansas,2020,1,134410.5
5,Arkansas,2020,2,121146.1
5,Arkansas,2020,3,132589
5,Arkansas,2020,4,134857.2
5,Arkansas,2021,1,139172.7
5,Arkansas,2021,2,143438.4
5,Arkansas,2021,3,146292.5
6,California,2010,1,1919069
6,California,2010,2,1937908.1
6,California,2010,3,1953261.5
6,California,2010,4,2006132.2
6,California,2011,1,2007608.8
6,California,2011,2,2022198.7
6,California,2011,3,2027032.7
6,California,2011,4,2037160
6,California,2012,1,2079759.5
6,California,2012,2,2094742.1
6,California,2012,3,2118154.5
6,California,2012,4,2159729.7
6,California,2013,1,2167627.5
6,California,2013,2,2191853.4
6,California,2013,3,2228668.7
6,California,2013,4,2293409.9
6,California,2014,1,2277808.7
6,California,2014,2,2315807.3
6,California,2014,3,2367246.4
6,California,2014,4,2380283.6
6,California,2015,1,2434212.2
6,California,2015,2,2476522.9
6,California,2015,3,2489391.9
6,California,2015,4,2494096.5
6,California,2016,1,2541868.3
6,California,2016,2,2553894.4
6,California,2016,3,2578023.3
6,California,2016,4,2604750.2
6,California,2017,1,2673164.4
6,California,2017,2,2707199.4
6,California,2017,3,2749409
6,California,2017,4,2794122.9
6,California,2018,1,2834419.2
6,California,2018,2,2885423.5
6,California,2018,3,2915582.1
6,California,2018,4,2944979.2
6,California,2019,1,2990735.7
6,California,2019,2,3045055.3
6,California,2019,3,3076858.9
6,California,2019,4,3097931
6,California,2020,1,3098986.1
6,California,2020,2,2812494.6
6,California,2020,3,3046248.7
6,California,2020,4,3071021.4
6,California,2021,1,3183281
6,California,2021,2,3290169.6
6,California,2021,3,3353473.3
8,Colorado,2010,1,253940.1
8,Colorado,2010,2,255373.3
8,Colorado,2010,3,258953.3
8,Colorado,2010,4,264934.3
8,Colorado,2011,1,264147.5
8,Colorado,2011,2,266862.8
8,Colorado,2011,3,268330.6
8,Colorado,2011,4,270723.3
8,Colorado,2012,1,273614.1
8,Colorado,2012,2,276036.5
8,Colorado,2012,3,276873.8
8,Colorado,2012,4,280768.1
8,Colorado,2013,1,287255.3
8,Colorado,2013,2,289101.3
8,Colorado,2013,3,294140.3
8,Colorado,2013,4,298065
8,Colorado,2014,1,301806.8
8,Colorado,2014,2,307147.1
8,Colorado,2014,3,312328.2
8,Colorado,2014,4,316888.2
8,Colorado,2015,1,316793.3
8,Colorado,2015,2,320320.4
8,Colorado,2015,3,322179.3
8,Colorado,2015,4,323591.2
8,Colorado,2016,1,323457.5
8,Colorado,2016,2,327729.9
8,Colorado,2016,3,331676.9
8,Colorado,2016,4,336782.7
8,Colorado,2017,1,343193.9
8,Colorado,2017,2,345778.4
8,Colorado,2017,3,349967.4
8,Colorado,2017,4,356652.6
8,Colorado,2018,1,365865.3
8,Colorado,2018,2,370679.7
8,Colorado,2018,3,373040.7
8,Colorado,2018,4,376112.7
8,Colorado,2019,1,384396.4
8,Colorado,2019,2,392024.6
8,Colorado,2019,3,394123.6
8,Colorado,2019,4,398327.3
8,Colorado,2020,1,395290.4
8,Colorado,2020,2,357257.1
8,Colorado,2020,3,385196.8
8,Colorado,2020,4,392594.3
8,Colorado,2021,1,404124.6
8,Colorado,2021,2,416937.1
8,Colorado,2021,3,425595.4
9,Connecticut,2010,1,232715.4
9,Connecticut,2010,2,235591.2
9,Connecticut,2010,3,236049.7
9,Connecticut,2010,4,234443.7
9,Connecticut,2011,1,229837.2
9,Connecticut,2011,2,233670.8
9,Connecticut,2011,3,233821.3
9,Connecticut,2011,4,235305.7
9,Connecticut,2012,1,238772.4
9,Connecticut,2012,2,240728.1
9,Connecticut,2012,3,241411.7
9,Connecticut,2012,4,242735.6
9,Connecticut,2013,1,240516.6
9,Connecticut,2013,2,239938.9
9,Connecticut,2013,3,242299.8
9,Connecticut,2013,4,243314.6
9,Connecticut,2014,1,240087.1
9,Connecticut,2014,2,244480.8
9,Connecticut,2014,3,248804.4
9,Connecticut,2014,4,253015.6
9,Connecticut,2015,1,257473.1
9,Connecticut,2015,2,260034
9,Connecticut,2015,3,259889.4
9,Connecticut,2015,4,260554.6
9,Connecticut,2016,1,260037.3
9,Connecticut,2016,2,261038.1
9,Connecticut,2016,3,264582
9,Connecticut,2016,4,269023.8
9,Connecticut,2017,1,265244.1
9,Connecticut,2017,2,269059.6
9,Connecticut,2017,3,273539.3
9,Connecticut,2017,4,278487.6
9,Connecticut,2018,1,276151.7
9,Connecticut,2018,2,279804.3
9,Connecticut,2018,3,282378.6
9,Connecticut,2018,4,284433.5
9,Connecticut,2019,1,282915.3
9,Connecticut,2019,2,287407.1
9,Connecticut,2019,3,290095.3
9,Connecticut,2019,4,292018.7
9,Connecticut,2020,1,284418.3
9,Connecticut,2020,2,258045.4
9,Connecticut,2020,3,278962.8
9,Connecticut,2020,4,284265.2
9,Connecticut,2021,1,286975.2
9,Connecticut,2021,2,294649.4
9,Connecticut,2021,3,299819
10,Delaware,2010,1,58298.1
10,Delaware,2010,2,57410.5
10,Delaware,2010,3,58009.6
10,Delaware,2010,4,58935.9
10,Delaware,2011,1,60135.2
10,Delaware,2011,2,61038.5
10,Delaware,2011,3,62238
10,Delaware,2011,4,62077.2
10,Delaware,2012,1,63329.8
10,Delaware,2012,2,62626.2
10,Delaware,2012,3,62261.2
10,Delaware,2012,4,61201.3
10,Delaware,2013,1,60525.2
10,Delaware,2013,2,60609.2
10,Delaware,2013,3,61348.8
10,Delaware,2013,4,64381.5
10,Delaware,2014,1,65239.4
10,Delaware,2014,2,67846.9
10,Delaware,2014,3,69743.9
10,Delaware,2014,4,70588.6
10,Delaware,2015,1,71813.8
10,Delaware,2015,2,73499.3
10,Delaware,2015,3,71454
10,Delaware,2015,4,70888.6
10,Delaware,2016,1,69529.6
10,Delaware,2016,2,69467.9
10,Delaware,2016,3,69314
10,Delaware,2016,4,69108.4
10,Delaware,2017,1,68326.7
10,Delaware,2017,2,67892.5
10,Delaware,2017,3,68669
10,Delaware,2017,4,70166.8
10,Delaware,2018,1,70075.4
10,Delaware,2018,2,71966.2
10,Delaware,2018,3,73485.2
10,Delaware,2018,4,74425.1
10,Delaware,2019,1,74978.5
10,Delaware,2019,2,76637.2
10,Delaware,2019,3,77699.6
10,Delaware,2019,4,78853.4
10,Delaware,2020,1,77067.9
10,Delaware,2020,2,71627.9
10,Delaware,2020,3,76380
10,Delaware,2020,4,78070.2
10,Delaware,2021,1,77687.6
10,Delaware,2021,2,79281.5
10,Delaware,2021,3,81018.5
11,District of Columbia,2010,1,103486.4
11,District of Columbia,2010,2,106022.3
11,District of Columbia,2010,3,106793.5
11,District of Columbia,2010,4,108285.3
11,District of Columbia,2011,1,108570.7
11,District of Columbia,2011,2,109659.5
11,District of Columbia,2011,3,110451.7
11,District of Columbia,2011,4,110239.6
11,District of Columbia,2012,1,110966.4
11,District of Columbia,2012,2,112347.9
11,District of Columbia,2012,3,112685
11,District of Columbia,2012,4,112628.6
11,District of Columbia,2013,1,113760.6
11,District of Columbia,2013,2,113703.8
11,District of Columbia,2013,3,114435.4
11,District of Columbia,2013,4,116260.7
11,District of Columbia,2014,1,117754.7
11,District of Columbia,2014,2,118418.7
11,District of Columbia,2014,3,120013.1
11,District of Columbia,2014,4,121472
11,District of Columbia,2015,1,123047.9
11,District of Columbia,2015,2,124697.2
11,District of Columbia,2015,3,124963.5
11,District of Columbia,2015,4,125710.1
11,District of Columbia,2016,1,128223.2
11,District of Columbia,2016,2,129137.5
11,District of Columbia,2016,3,129983.6
11,District of Columbia,2016,4,131250
11,District of Columbia,2017,1,131182
11,District of Columbia,2017,2,132463.2
11,District of Columbia,2017,3,133936.7
11,District of Columbia,2017,4,135982.9
11,District of Columbia,2018,1,136714.5
11,District of Columbia,2018,2,139845.4
11,District of Columbia,2018,3,140844.8
11,District of Columbia,2018,4,141734.6
11,District of Columbia,2019,1,141721.1
11,District of Columbia,2019,2,143359.8
11,District of Columbia,2019,3,145370.2
11,District of Columbia,2019,4,147171.7
11,District of Columbia,2020,1,146251.9
11,District of Columbia,2020,2,138510.9
11,District of Columbia,2020,3,145338.4
11,District of Columbia,2020,4,148117.9
11,District of Columbia,2021,1,148229.1
11,District of Columbia,2021,2,151390.1
11,District of Columbia,2021,3,153979.5
12,Florida,2010,1,735061.2
12,Florida,2010,2,744674.5
12,Florida,2010,3,751792.2
12,Florida,2010,4,756187.7
12,Florida,2011,1,746767
12,Florida,2011,2,756616.3
12,Florida,2011,3,755561.6
12,Florida,2011,4,762015.1
12,Florida,2012,1,770236.6
12,Florida,2012,2,773982
12,Florida,2012,3,783994.5
12,Florida,2012,4,785967.1
12,Florida,2013,1,800612.5
12,Florida,2013,2,804243
12,Florida,2013,3,815404.2
12,Florida,2013,4,826747
12,Florida,2014,1,829141.8
12,Florida,2014,2,844744.3
12,Florida,2014,3,859527.2
12,Florida,2014,4,873356.2
12,Florida,2015,1,887079.8
12,Florida,2015,2,903590.7
12,Florida,2015,3,915913.2
12,Florida,2015,4,927495.9
12,Florida,2016,1,938193
12,Florida,2016,2,948296.5
12,Florida,2016,3,957305.2
12,Florida,2016,4,969615.5
12,Florida,2017,1,985042.8
12,Florida,2017,2,994942.8
12,Florida,2017,3,1008141.9
12,Florida,2017,4,1022144.8
12,Florida,2018,1,1039403.9
12,Florida,2018,2,1055313.3
12,Florida,2018,3,1063506.6
12,Florida,2018,4,1073225.6
12,Florida,2019,1,1096690.2
12,Florida,2019,2,1111257.2
12,Florida,2019,3,1124624.6
12,Florida,2019,4,1133169.7
12,Florida,2020,1,1134749.2
12,Florida,2020,2,1035634
12,Florida,2020,3,1120033
12,Florida,2020,4,1133725.9
12,Florida,2021,1,1163188.9
12,Florida,2021,2,1198913.1
12,Florida,2021,3,1226956
13,Georgia,2010,1,411799
13,Georgia,2010,2,415065.2
13,Georgia,2010,3,419616.2
13,Georgia,2010,4,425884.7
13,Georgia,2011,1,426676
13,Georgia,2011,2,428903.5
13,Georgia,2011,3,433641.7
13,Georgia,2011,4,437394.4
13,Georgia,2012,1,442001
13,Georgia,2012,2,446769.9
13,Georgia,2012,3,450437
13,Georgia,2012,4,451850.8
13,Georgia,2013,1,460277.5
13,Georgia,2013,2,461258.4
13,Georgia,2013,3,465235.7
13,Georgia,2013,4,472239.8
13,Georgia,2014,1,477591.9
13,Georgia,2014,2,487131.6
13,Georgia,2014,3,495194.9
13,Georgia,2014,4,500398.6
13,Georgia,2015,1,510448.9
13,Georgia,2015,2,519482.2
13,Georgia,2015,3,525015.9
13,Georgia,2015,4,529085.7
13,Georgia,2016,1,538158
13,Georgia,2016,2,545916.5
13,Georgia,2016,3,550177.6
13,Georgia,2016,4,555934.5
13,Georgia,2017,1,565124.7
13,Georgia,2017,2,569342.6
13,Georgia,2017,3,576917.9
13,Georgia,2017,4,586232.4
13,Georgia,2018,1,589884.6
13,Georgia,2018,2,600786
13,Georgia,2018,3,605202.2
13,Georgia,2018,4,613487.7
13,Georgia,2019,1,625793.2
13,Georgia,2019,2,635733
13,Georgia,2019,3,642788.9
13,Georgia,2019,4,646879.7
13,Georgia,2020,1,639676.7
13,Georgia,2020,2,584177.3
13,Georgia,2020,3,628821.9
13,Georgia,2020,4,637835.4
13,Georgia,2021,1,654267.7
13,Georgia,2021,2,673071.9
13,Georgia,2021,3,687679.9
15,Hawaii,2010,1,65573.7
15,Hawaii,2010,2,66299.4
15,Hawaii,2010,3,67501.3
15,Hawaii,2010,4,68117.5
15,Hawaii,2011,1,68421.6
15,Hawaii,2011,2,68635.1
15,Hawaii,2011,3,69013.9
15,Hawaii,2011,4,70264.9
15,Hawaii,2012,1,70855.3
15,Hawaii,2012,2,71866.3
15,Hawaii,2012,3,72410.1
15,Hawaii,2012,4,72489.4
15,Hawaii,2013,1,74121.7
15,Hawaii,2013,2,73986.7
15,Hawaii,2013,3,74655.8
15,Hawaii,2013,4,75455.6
15,Hawaii,2014,1,75233.1
15,Hawaii,2014,2,76274.8
15,Hawaii,2014,3,77437.6
15,Hawaii,2014,4,78147.7
15,Hawaii,2015,1,79894
15,Hawaii,2015,2,80913.9
15,Hawaii,2015,3,81707
15,Hawaii,2015,4,82406.3
15,Hawaii,2016,1,82960.5
15,Hawaii,2016,2,83563.4
15,Hawaii,2016,3,84113.3
15,Hawaii,2016,4,85020.2
15,Hawaii,2017,1,85902.1
15,Hawaii,2017,2,86451.9
15,Hawaii,2017,3,87588.9
15,Hawaii,2017,4,88768.4
15,Hawaii,2018,1,89051.4
15,Hawaii,2018,2,90232.3
15,Hawaii,2018,3,90688.1
15,Hawaii,2018,4,91133.9
15,Hawaii,2019,1,90772.6
15,Hawaii,2019,2,91349.4
15,Hawaii,2019,3,92217.8
15,Hawaii,2019,4,92784.7
15,Hawaii,2020,1,86009.4
15,Hawaii,2020,2,77168.4
15,Hawaii,2020,3,83544.2
15,Hawaii,2020,4,84816.4
15,Hawaii,2021,1,86640.4
15,Hawaii,2021,2,89660.9
15,Hawaii,2021,3,92445.4
16,Idaho,2010,1,54950.3
16,Idaho,2010,2,55114.6
16,Idaho,2010,3,55828.1
16,Idaho,2010,4,56457.2
16,Idaho,2011,1,56269
16,Idaho,2011,2,56758.1
16,Idaho,2011,3,57097.1
16,Idaho,2011,4,57640.2
16,Idaho,2012,1,57587
16,Idaho,2012,2,58164.9
16,Idaho,2012,3,58816.1
16,Idaho,2012,4,58727.8
16,Idaho,2013,1,60557.8
16,Idaho,2013,2,61484.8
16,Idaho,2013,3,62229.3
16,Idaho,2013,4,63071.2
16,Idaho,2014,1,63206.8
16,Idaho,2014,2,64317.7
16,Idaho,2014,3,65075.1
16,Idaho,2014,4,65701.2
16,Idaho,2015,1,65898.7
16,Idaho,2015,2,65629.2
16,Idaho,2015,3,66103.9
16,Idaho,2015,4,65967.9
16,Idaho,2016,1,68220.8
16,Idaho,2016,2,68521.4
16,Idaho,2016,3,69112.8
16,Idaho,2016,4,69494.7
16,Idaho,2017,1,70877.5
16,Idaho,2017,2,71425.6
16,Idaho,2017,3,71812
16,Idaho,2017,4,72638.6
16,Idaho,2018,1,76240.8
16,Idaho,2018,2,77399.1
16,Idaho,2018,3,77845.5
16,Idaho,2018,4,78490.1
16,Idaho,2019,1,81300.4
16,Idaho,2019,2,82193.1
16,Idaho,2019,3,82705.2
16,Idaho,2019,4,83481.8
16,Idaho,2020,1,86822.8
16,Idaho,2020,2,77221.3
16,Idaho,2020,3,85042
16,Idaho,2020,4,86200.2
16,Idaho,2021,1,89142.7
16,Idaho,2021,2,92300.5
16,Idaho,2021,3,93784.7
17,Illinois,2010,1,652523.5
17,Illinois,2010,2,662942.1
17,Illinois,2010,3,672613.9
17,Illinois,2010,4,677539.9
17,Illinois,2011,1,680955.8
17,Illinois,2011,2,690224.7
17,Illinois,2011,3,695318.5
17,Illinois,2011,4,705024.2
17,Illinois,2012,1,721011.3
17,Illinois,2012,2,727758.5
17,Illinois,2012,3,729198.2
17,Illinois,2012,4,727628.4
17,Illinois,2013,1,737708.8
17,Illinois,2013,2,735411.1
17,Illinois,2013,3,740039.4
17,Illinois,2013,4,751326.6
17,Illinois,2014,1,751153.3
17,Illinois,2014,2,767880.4
17,Illinois,2014,3,780221.4
17,Illinois,2014,4,786169.3
17,Illinois,2015,1,790762.1
17,Illinois,2015,2,798360.8
17,Illinois,2015,3,806568.8
17,Illinois,2015,4,804030.2
17,Illinois,2016,1,796611.4
17,Illinois,2016,2,804132.3
17,Illinois,2016,3,809605.8
17,Illinois,2016,4,817823.3
17,Illinois,2017,1,812173.5
17,Illinois,2017,2,819859.4
17,Illinois,2017,3,830458.7
17,Illinois,2017,4,845809.1
17,Illinois,2018,1,851653.7
17,Illinois,2018,2,865167.8
17,Illinois,2018,3,873985.4
17,Illinois,2018,4,879335.1
17,Illinois,2019,1,876144.9
17,Illinois,2019,2,887624.4
17,Illinois,2019,3,896307.2
17,Illinois,2019,4,901867.8
17,Illinois,2020,1,882624.7
17,Illinois,2020,2,801478.3
17,Illinois,2020,3,866988.9
17,Illinois,2020,4,882375.6
17,Illinois,2021,1,907742.7
17,Illinois,2021,2,938215.7
17,Illinois,2021,3,956365.5
18,Indiana,2010,1,274735.9
18,Indiana,2010,2,281428.3
18,Indiana,2010,3,286035.2
18,Indiana,2010,4,288049.2
18,Indiana,2011,1,287457.8
18,Indiana,2011,2,289906.9
18,Indiana,2011,3,292197.2
18,Indiana,2011,4,295862.5
18,Indiana,2012,1,298023.6
18,Indiana,2012,2,301341.9
18,Indiana,2012,3,302567.7
18,Indiana,2012,4,300122.4
18,Indiana,2013,1,311398
18,Indiana,2013,2,308324.5
18,Indiana,2013,3,312661.4
18,Indiana,2013,4,316169.9
18,Indiana,2014,1,320818.1
18,Indiana,2014,2,327921.9
18,Indiana,2014,3,332092.6
18,Indiana,2014,4,331000.6
18,Indiana,2015,1,328681.8
18,Indiana,2015,2,332551.9
18,Indiana,2015,3,332796
18,Indiana,2015,4,333752.9
18,Indiana,2016,1,335886.1
18,Indiana,2016,2,339666.9
18,Indiana,2016,3,341890
18,Indiana,2016,4,344559.9
18,Indiana,2017,1,347418.2
18,Indiana,2017,2,349426.5
18,Indiana,2017,3,354031.4
18,Indiana,2017,4,361725.1
18,Indiana,2018,1,366055.5
18,Indiana,2018,2,372929.4
18,Indiana,2018,3,376171
18,Indiana,2018,4,378917.6
18,Indiana,2019,1,375402.3
18,Indiana,2019,2,379380
18,Indiana,2019,3,382662.3
18,Indiana,2019,4,386636.7
18,Indiana,2020,1,386173.6
18,Indiana,2020,2,346195.5
18,Indiana,2020,3,381518.9
18,Indiana,2020,4,387458.7
18,Indiana,2021,1,401442.4
18,Indiana,2021,2,415343.7
18,Indiana,2021,3,423051.8
19,Iowa,2010,1,139434.5
19,Iowa,2010,2,141860.3
19,Iowa,2010,3,142959.7
19,Iowa,2010,4,144681.2
19,Iowa,2011,1,144777.1
19,Iowa,2011,2,146636.5
19,Iowa,2011,3,149260.5
19,Iowa,2011,4,153236.4
19,Iowa,2012,1,156232.6
19,Iowa,2012,2,159467.6
19,Iowa,2012,3,160066.6
19,Iowa,2012,4,158386.7
19,Iowa,2013,1,161442.5
19,Iowa,2013,2,160363.1
19,Iowa,2013,3,162577.6
19,Iowa,2013,4,164417.9
19,Iowa,2014,1,166554.4
19,Iowa,2014,2,173197.5
19,Iowa,2014,3,175933.8
19,Iowa,2014,4,176697.9
19,Iowa,2015,1,178465.5
19,Iowa,2015,2,179884.6
19,Iowa,2015,3,181466
19,Iowa,2015,4,181381
19,Iowa,2016,1,180128.2
19,Iowa,2016,2,180630.8
19,Iowa,2016,3,181514
19,Iowa,2016,4,181772.6
19,Iowa,2017,1,181937.8
19,Iowa,2017,2,182528
19,Iowa,2017,3,183551.2
19,Iowa,2017,4,186182.1
19,Iowa,2018,1,188077.5
19,Iowa,2018,2,189970.9
19,Iowa,2018,3,191090.6
19,Iowa,2018,4,192473.3
19,Iowa,2019,1,189396.6
19,Iowa,2019,2,192474.8
19,Iowa,2019,3,195974.5
19,Iowa,2019,4,199444.4
19,Iowa,2020,1,196663.4
19,Iowa,2020,2,179924.6
19,Iowa,2020,3,197094
19,Iowa,2020,4,203388.4
19,Iowa,2021,1,210575.6
19,Iowa,2021,2,220929.4
19,Iowa,2021,3,225144.2
20,Kansas,2010,1,124589.4
20,Kansas,2010,2,127204.9
20,Kansas,2010,3,130127.6
20,Kansas,2010,4,132443.5
20,Kansas,2011,1,133157.5
20,Kansas,2011,2,136722.1
20,Kansas,2011,3,137593.3
20,Kansas,2011,4,137962.6
20,Kansas,2012,1,144864.5
20,Kansas,2012,2,143181.8
20,Kansas,2012,3,139406.1
20,Kansas,2012,4,139820.4
20,Kansas,2013,1,142458.8
20,Kansas,2013,2,143678.1
20,Kansas,2013,3,144641
20,Kansas,2013,4,147154.9
20,Kansas,2014,1,144093
20,Kansas,2014,2,148874
20,Kansas,2014,3,152978
20,Kansas,2014,4,154789.4
20,Kansas,2015,1,151732.5
20,Kansas,2015,2,154889.7
20,Kansas,2015,3,156261.2
20,Kansas,2015,4,156949.4
20,Kansas,2016,1,156855.9
20,Kansas,2016,2,160026.7
20,Kansas,2016,3,161649.9
20,Kansas,2016,4,163271.7
20,Kansas,2017,1,162412.9
20,Kansas,2017,2,164024.8
20,Kansas,2017,3,165135.3
20,Kansas,2017,4,168120
20,Kansas,2018,1,169674.9
20,Kansas,2018,2,171712.2
20,Kansas,2018,3,173341.2
20,Kansas,2018,4,174581.8
20,Kansas,2019,1,173302.4
20,Kansas,2019,2,176027
20,Kansas,2019,3,178026.8
20,Kansas,2019,4,179597.9
20,Kansas,2020,1,179788.1
20,Kansas,2020,2,161777.6
20,Kansas,2020,3,177487.1
20,Kansas,2020,4,181514.3
20,Kansas,2021,1,185785.2
20,Kansas,2021,2,193139.4
20,Kansas,2021,3,196494.6
21,Kentucky,2010,1,161357.3
21,Kentucky,2010,2,165752.3
21,Kentucky,2010,3,168891
21,Kentucky,2010,4,169634.1
21,Kentucky,2011,1,168132.5
21,Kentucky,2011,2,170403.5
21,Kentucky,2011,3,172058.3
21,Kentucky,2011,4,175753.3
21,Kentucky,2012,1,176704.9
21,Kentucky,2012,2,178502.3
21,Kentucky,2012,3,179052.1
21,Kentucky,2012,4,178315.5
21,Kentucky,2013,1,184845.2
21,Kentucky,2013,2,183411
21,Kentucky,2013,3,184656.5
21,Kentucky,2013,4,185184.7
21,Kentucky,2014,1,184832.7
21,Kentucky,2014,2,187991.6
21,Kentucky,2014,3,189403.9
21,Kentucky,2014,4,189707
21,Kentucky,2015,1,190561.6
21,Kentucky,2015,2,193780.5
21,Kentucky,2015,3,194437.9
21,Kentucky,2015,4,194872.2
21,Kentucky,2016,1,193291.9
21,Kentucky,2016,2,196344.9
21,Kentucky,2016,3,197297.5
21,Kentucky,2016,4,199005.5
21,Kentucky,2017,1,198155.4
21,Kentucky,2017,2,200173.5
21,Kentucky,2017,3,202086.9
21,Kentucky,2017,4,205804.3
21,Kentucky,2018,1,204260.9
21,Kentucky,2018,2,208456.4
21,Kentucky,2018,3,209506.3
21,Kentucky,2018,4,210777.5
21,Kentucky,2019,1,212364.1
21,Kentucky,2019,2,215026.7
21,Kentucky,2019,3,217483.7
21,Kentucky,2019,4,219531.6
21,Kentucky,2020,1,217787.7
21,Kentucky,2020,2,196392.7
21,Kentucky,2020,3,216096
21,Kentucky,2020,4,219882
21,Kentucky,2021,1,226055.6
21,Kentucky,2021,2,234311.1
21,Kentucky,2021,3,239208.5
22,Louisiana,2010,1,218847.5
22,Louisiana,2010,2,224085.2
22,Louisiana,2010,3,229040.9
22,Louisiana,2010,4,229262.1
22,Louisiana,2011,1,227083.3
22,Louisiana,2011,2,229374.3
22,Louisiana,2011,3,229594.2
22,Louisiana,2011,4,233728.1
22,Louisiana,2012,1,236763.8
22,Louisiana,2012,2,238130.5
22,Louisiana,2012,3,234401.8
22,Louisiana,2012,4,232242.7
22,Louisiana,2013,1,231818.3
22,Louisiana,2013,2,228835.3
22,Louisiana,2013,3,230416.6
22,Louisiana,2013,4,232259.7
22,Louisiana,2014,1,233108.8
22,Louisiana,2014,2,240492.1
22,Louisiana,2014,3,244771.4
22,Louisiana,2014,4,244576.8
22,Louisiana,2015,1,237729.1
22,Louisiana,2015,2,236990.6
22,Louisiana,2015,3,235201.1
22,Louisiana,2015,4,230533.3
22,Louisiana,2016,1,223068.2
22,Louisiana,2016,2,225382.6
22,Louisiana,2016,3,227571.9
22,Louisiana,2016,4,232340
22,Louisiana,2017,1,234470
22,Louisiana,2017,2,238913.8
22,Louisiana,2017,3,243619.6
22,Louisiana,2017,4,249813.6
22,Louisiana,2018,1,252476.1
22,Louisiana,2018,2,256571
22,Louisiana,2018,3,256989
22,Louisiana,2018,4,257204.9
22,Louisiana,2019,1,253204
22,Louisiana,2019,2,254445.3
22,Louisiana,2019,3,255141
22,Louisiana,2019,4,255457.7
22,Louisiana,2020,1,245726.5
22,Louisiana,2020,2,217820.8
22,Louisiana,2020,3,237571.5
22,Louisiana,2020,4,240630.7
22,Louisiana,2021,1,246028.8
22,Louisiana,2021,2,253314.6
22,Louisiana,2021,3,256905.1
23,Maine,2010,1,51734.5
23,Maine,2010,2,52235.6
23,Maine,2010,3,52676.5
23,Maine,2010,4,52378.2
23,Maine,2011,1,52169.8
23,Maine,2011,2,52250.6
23,Maine,2011,3,52526.9
23,Maine,2011,4,53354.6
23,Maine,2012,1,53453.5
23,Maine,2012,2,54151.6
23,Maine,2012,3,53893.1
23,Maine,2012,4,53220.6
23,Maine,2013,1,54322.1
23,Maine,2013,2,53930.1
23,Maine,2013,3,54443.1
23,Maine,2013,4,55185.1
23,Maine,2014,1,55211.7
23,Maine,2014,2,56071.7
23,Maine,2014,3,56779.9
23,Maine,2014,4,57579.9
23,Maine,2015,1,57043.3
23,Maine,2015,2,57966.9
23,Maine,2015,3,58412.1
23,Maine,2015,4,59103
23,Maine,2016,1,59315.6
23,Maine,2016,2,60006.6
23,Maine,2016,3,60524.3
23,Maine,2016,4,61171.2
23,Maine,2017,1,61492.8
23,Maine,2017,2,61893.4
23,Maine,2017,3,62633.5
23,Maine,2017,4,63631.9
23,Maine,2018,1,64336.4
23,Maine,2018,2,65329
23,Maine,2018,3,65898.8
23,Maine,2018,4,66403.4
23,Maine,2019,1,67167.7
23,Maine,2019,2,68017.4
23,Maine,2019,3,68875.1
23,Maine,2019,4,69751.5
23,Maine,2020,1,70824.2
23,Maine,2020,2,64444.5
23,Maine,2020,3,70411.9
23,Maine,2020,4,71406.5
23,Maine,2021,1,72352.8
23,Maine,2021,2,74604.3
23,Maine,2021,3,76044.7
24,Maryland,2010,1,307997.8
24,Maryland,2010,2,313050.7
24,Maryland,2010,3,316123
24,Maryland,2010,4,321741.7
24,Maryland,2011,1,321133.2
24,Maryland,2011,2,325853.6
24,Maryland,2011,3,328294.4
24,Maryland,2011,4,329843.7
24,Maryland,2012,1,332291.9
24,Maryland,2012,2,330946.7
24,Maryland,2012,3,334541.6
24,Maryland,2012,4,332313.8
24,Maryland,2013,1,338189.8
24,Maryland,2013,2,337924.2
24,Maryland,2013,3,341117.9
24,Maryland,2013,4,345078.5
24,Maryland,2014,1,345118.3
24,Maryland,2014,2,351625.1
24,Maryland,2014,3,356929.4
24,Maryland,2014,4,357372.7
24,Maryland,2015,1,364691.1
24,Maryland,2015,2,367225.6
24,Maryland,2015,3,371570
24,Maryland,2015,4,375425.5
24,Maryland,2016,1,381456.9
24,Maryland,2016,2,386108.3
24,Maryland,2016,3,389723.1
24,Maryland,2016,4,393645.4
24,Maryland,2017,1,394755.6
24,Maryland,2017,2,397749.5
24,Maryland,2017,3,401943.9
24,Maryland,2017,4,407175.1
24,Maryland,2018,1,403878
24,Maryland,2018,2,409962.3
24,Maryland,2018,3,413184.4
24,Maryland,2018,4,417374.4
24,Maryland,2019,1,415102.5
24,Maryland,2019,2,420345.1
24,Maryland,2019,3,424644.3
24,Maryland,2019,4,426346
24,Maryland,2020,1,421334.2
24,Maryland,2020,2,387136.6
24,Maryland,2020,3,414207.1
24,Maryland,2020,4,420020.9
24,Maryland,2021,1,432503.3
24,Maryland,2021,2,443728.9
24,Maryland,2021,3,451635
25,Massachusetts,2010,1,400544.4
25,Massachusetts,2010,2,408703.1
25,Massachusetts,2010,3,416457.2
25,Massachusetts,2010,4,418839.7
25,Massachusetts,2011,1,414300.3
25,Massachusetts,2011,2,429135.9
25,Massachusetts,2011,3,425556.8
25,Massachusetts,2011,4,433098.9
25,Massachusetts,2012,1,436320.5
25,Massachusetts,2012,2,442564.2
25,Massachusetts,2012,3,446257.8
25,Massachusetts,2012,4,446525.2
25,Massachusetts,2013,1,448675.7
25,Massachusetts,2013,2,450705.9
25,Massachusetts,2013,3,456748.1
25,Massachusetts,2013,4,461155.1
25,Massachusetts,2014,1,457454.6
25,Massachusetts,2014,2,464399
25,Massachusetts,2014,3,475229
25,Massachusetts,2014,4,484791.6
25,Massachusetts,2015,1,490415.3
25,Massachusetts,2015,2,498544.3
25,Massachusetts,2015,3,499976.6
25,Massachusetts,2015,4,506469.1
25,Massachusetts,2016,1,509105.1
25,Massachusetts,2016,2,513156.9
25,Massachusetts,2016,3,514660.6
25,Massachusetts,2016,4,521627.6
25,Massachusetts,2017,1,523096.1
25,Massachusetts,2017,2,527380.9
25,Massachusetts,2017,3,534459.7
25,Massachusetts,2017,4,544480.4
25,Massachusetts,2018,1,549103.3
25,Massachusetts,2018,2,563872.4
25,Massachusetts,2018,3,569937.6
25,Massachusetts,2018,4,573275.9
25,Massachusetts,2019,1,579427.5
25,Massachusetts,2019,2,590864.3
25,Massachusetts,2019,3,597792.4
25,Massachusetts,2019,4,604942.6
25,Massachusetts,2020,1,597755.7
25,Massachusetts,2020,2,545421.7
25,Massachusetts,2020,3,591546.5
25,Massachusetts,2020,4,595183.4
25,Massachusetts,2021,1,607378.5
25,Massachusetts,2021,2,625112.7
25,Massachusetts,2021,3,637424.2
26,Michigan,2010,1,375725.8
26,Michigan,2010,2,388936.3
26,Michigan,2010,3,398038.6
26,Michigan,2010,4,397471.2
26,Michigan,2011,1,399005.9
26,Michigan,2011,2,399612.8
26,Michigan,2011,3,403872.9
26,Michigan,2011,4,415727.2
26,Michigan,2012,1,417615
26,Michigan,2012,2,421818.4
26,Michigan,2012,3,425245.1
26,Michigan,2012,4,426086.3
26,Michigan,2013,1,433696.7
26,Michigan,2013,2,434350.6
26,Michigan,2013,3,438684.9
26,Michigan,2013,4,442365.5
26,Michigan,2014,1,440378.2
26,Michigan,2014,2,450078.2
26,Michigan,2014,3,456766.6
26,Michigan,2014,4,459869.8
26,Michigan,2015,1,467004.1
26,Michigan,2015,2,473765.1
26,Michigan,2015,3,478523.9
26,Michigan,2015,4,480640.2
26,Michigan,2016,1,482521.7
26,Michigan,2016,2,490680.5
26,Michigan,2016,3,492676
26,Michigan,2016,4,495177.8
26,Michigan,2017,1,493557.4
26,Michigan,2017,2,499111.6
26,Michigan,2017,3,503585.2
26,Michigan,2017,4,510752.3
26,Michigan,2018,1,510783.3
26,Michigan,2018,2,521309.5
26,Michigan,2018,3,524317.9
26,Michigan,2018,4,526799.7
26,Michigan,2019,1,524585.2
26,Michigan,2019,2,528314.4
26,Michigan,2019,3,534510.4
26,Michigan,2019,4,538328.3
26,Michigan,2020,1,526832.8
26,Michigan,2020,2,478008.7
26,Michigan,2020,3,523910.6
26,Michigan,2020,4,531727.7
26,Michigan,2021,1,540172.1
26,Michigan,2021,2,559479.1
26,Michigan,2021,3,567449.7
27,Minnesota,2010,1,266131
27,Minnesota,2010,2,271067
27,Minnesota,2010,3,275935.1
27,Minnesota,2010,4,283792.2
27,Minnesota,2011,1,281345
27,Minnesota,2011,2,288354.4
27,Minnesota,2011,3,288202.2
27,Minnesota,2011,4,290255.8
27,Minnesota,2012,1,295192.1
27,Minnesota,2012,2,297012.2
27,Minnesota,2012,3,300114.5
27,Minnesota,2012,4,300994.4
27,Minnesota,2013,1,305602.7
27,Minnesota,2013,2,307963.4
27,Minnesota,2013,3,314183
27,Minnesota,2013,4,316756.5
27,Minnesota,2014,1,316868.9
27,Minnesota,2014,2,323787.2
27,Minnesota,2014,3,329157.7
27,Minnesota,2014,4,329191.7
27,Minnesota,2015,1,333289.1
27,Minnesota,2015,2,333551.3
27,Minnesota,2015,3,336426.5
27,Minnesota,2015,4,338853.7
27,Minnesota,2016,1,339457.7
27,Minnesota,2016,2,343121.1
27,Minnesota,2016,3,346182
27,Minnesota,2016,4,347482.4
27,Minnesota,2017,1,350225.1
27,Minnesota,2017,2,351562.7
27,Minnesota,2017,3,355961.8
27,Minnesota,2017,4,360987.3
27,Minnesota,2018,1,366220.6
27,Minnesota,2018,2,372335.2
27,Minnesota,2018,3,376115.4
27,Minnesota,2018,4,379006.8
27,Minnesota,2019,1,377556.3
27,Minnesota,2019,2,381431.3
27,Minnesota,2019,3,385157
27,Minnesota,2019,4,388013.9
27,Minnesota,2020,1,383114.2
27,Minnesota,2020,2,348492
27,Minnesota,2020,3,378201.1
27,Minnesota,2020,4,385149.9
27,Minnesota,2021,1,394078.2
27,Minnesota,2021,2,407395.3
27,Minnesota,2021,3,415392.6
28,Mississippi,2010,1,92520
28,Mississippi,2010,2,93869.8
28,Mississippi,2010,3,94738.6
28,Mississippi,2010,4,94644.1
28,Mississippi,2011,1,94477.7
28,Mississippi,2011,2,95530.6
28,Mississippi,2011,3,96650.7
28,Mississippi,2011,4,98213.1
28,Mississippi,2012,1,100438.2
28,Mississippi,2012,2,101000.9
28,Mississippi,2012,3,100738.3
28,Mississippi,2012,4,99616.4
28,Mississippi,2013,1,102399.5
28,Mississippi,2013,2,100989.2
28,Mississippi,2013,3,103490.2
28,Mississippi,2013,4,102605.2
28,Mississippi,2014,1,102552.2
28,Mississippi,2014,2,104953.4
28,Mississippi,2014,3,104719.4
28,Mississippi,2014,4,104976
28,Mississippi,2015,1,104902
28,Mississippi,2015,2,105862.3
28,Mississippi,2015,3,106554.3
28,Mississippi,2015,4,106339.8
28,Mississippi,2016,1,106041.5
28,Mississippi,2016,2,106996.6
28,Mississippi,2016,3,107654.4
28,Mississippi,2016,4,108473
28,Mississippi,2017,1,108709.3
28,Mississippi,2017,2,109260.2
28,Mississippi,2017,3,110140.6
28,Mississippi,2017,4,111740
28,Mississippi,2018,1,111031.4
28,Mississippi,2018,2,112502.4
28,Mississippi,2018,3,112720.3
28,Mississippi,2018,4,113372.9
28,Mississippi,2019,1,112683.1
28,Mississippi,2019,2,113932.4
28,Mississippi,2019,3,115445.2
28,Mississippi,2019,4,116874.7
28,Mississippi,2020,1,117321.7
28,Mississippi,2020,2,104760.6
28,Mississippi,2020,3,115624.6
28,Mississippi,2020,4,117675.7
28,Mississippi,2021,1,119916.1
28,Mississippi,2021,2,123781.1
28,Mississippi,2021,3,126154.7
29,Missouri,2010,1,257797.6
29,Missouri,2010,2,259623.2
29,Missouri,2010,3,260754.5
29,Missouri,2010,4,261089.2
29,Missouri,2011,1,258673.6
29,Missouri,2011,2,261128.2
29,Missouri,2011,3,262960.1
29,Missouri,2011,4,265506.4
29,Missouri,2012,1,269668.6
29,Missouri,2012,2,271405.2
29,Missouri,2012,3,271870.1
29,Missouri,2012,4,273196.7
29,Missouri,2013,1,279521.2
29,Missouri,2013,2,279152.4
29,Missouri,2013,3,280759.9
29,Missouri,2013,4,282850.6
29,Missouri,2014,1,279894
29,Missouri,2014,2,285741.8
29,Missouri,2014,3,290728.3
29,Missouri,2014,4,293665.6
29,Missouri,2015,1,295141.1
29,Missouri,2015,2,297247.7
29,Missouri,2015,3,298744
29,Missouri,2015,4,296584.5
29,Missouri,2016,1,297502.7
29,Missouri,2016,2,299752.8
29,Missouri,2016,3,301891
29,Missouri,2016,4,304511.5
29,Missouri,2017,1,302655.7
29,Missouri,2017,2,306648.7
29,Missouri,2017,3,310198.6
29,Missouri,2017,4,315385.3
29,Missouri,2018,1,313996.9
29,Missouri,2018,2,318142.8
29,Missouri,2018,3,321688.1
29,Missouri,2018,4,323747.7
29,Missouri,2019,1,326392.5
29,Missouri,2019,2,330737.6
29,Missouri,2019,3,334292.6
29,Missouri,2019,4,337668.8
29,Missouri,2020,1,337330.2
29,Missouri,2020,2,306989.2
29,Missouri,2020,3,333605.6
29,Missouri,2020,4,339543.7
29,Missouri,2021,1,347150.9
29,Missouri,2021,2,359033.7
29,Missouri,2021,3,365899.5
30,Montana,2010,1,37821.4
30,Montana,2010,2,37997.7
30,Montana,2010,3,38425.6
30,Montana,2010,4,39099.5
30,Montana,2011,1,40149.7
30,Montana,2011,2,40783.2
30,Montana,2011,3,41096.6
30,Montana,2011,4,41950.8
30,Montana,2012,1,42194.1
30,Montana,2012,2,42018.6
30,Montana,2012,3,42430.4
30,Montana,2012,4,42720.3
30,Montana,2013,1,43481
30,Montana,2013,2,43523.5
30,Montana,2013,3,43856.9
30,Montana,2013,4,43890.2
30,Montana,2014,1,44258.4
30,Montana,2014,2,45152.7
30,Montana,2014,3,45482.4
30,Montana,2014,4,45815.3
30,Montana,2015,1,46489.1
30,Montana,2015,2,47030.9
30,Montana,2015,3,46996.3
30,Montana,2015,4,45899.9
30,Montana,2016,1,44871
30,Montana,2016,2,44944.4
30,Montana,2016,3,45579.7
30,Montana,2016,4,46568.5
30,Montana,2017,1,47319.1
30,Montana,2017,2,48237.3
30,Montana,2017,3,48730.4
30,Montana,2017,4,49471
30,Montana,2018,1,50826.4
30,Montana,2018,2,51148.1
30,Montana,2018,3,50870.3
30,Montana,2018,4,50770.3
30,Montana,2019,1,51242
30,Montana,2019,2,51576.5
30,Montana,2019,3,51965.1
30,Montana,2019,4,52373.7
30,Montana,2020,1,53355.6
30,Montana,2020,2,47646.3
30,Montana,2020,3,52022.1
30,Montana,2020,4,53011.5
30,Montana,2021,1,55688.7
30,Montana,2021,2,57919.4
30,Montana,2021,3,59128.7
31,Nebraska,2010,1,88861
31,Nebraska,2010,2,91365.9
31,Nebraska,2010,3,92485.1
31,Nebraska,2010,4,93534.1
31,Nebraska,2011,1,98557.9
31,Nebraska,2011,2,99235.2
31,Nebraska,2011,3,99802.4
31,Nebraska,2011,4,102088.9
31,Nebraska,2012,1,100934.2
31,Nebraska,2012,2,103118.4
31,Nebraska,2012,3,102802
31,Nebraska,2012,4,104049.2
31,Nebraska,2013,1,107677.2
31,Nebraska,2013,2,106984.1
31,Nebraska,2013,3,107480.3
31,Nebraska,2013,4,106901.3
31,Nebraska,2014,1,109549.4
31,Nebraska,2014,2,112380.8
31,Nebraska,2014,3,112303.5
31,Nebraska,2014,4,113550
31,Nebraska,2015,1,114881.8
31,Nebraska,2015,2,116613.3
31,Nebraska,2015,3,117454.4
31,Nebraska,2015,4,117108.9
31,Nebraska,2016,1,116052.3
31,Nebraska,2016,2,117459.2
31,Nebraska,2016,3,118839.5
31,Nebraska,2016,4,120232.6
31,Nebraska,2017,1,119585
31,Nebraska,2017,2,121344.8
31,Nebraska,2017,3,122064.8
31,Nebraska,2017,4,124790.5
31,Nebraska,2018,1,126077.4
31,Nebraska,2018,2,126282.6
31,Nebraska,2018,3,126649.2
31,Nebraska,2018,4,128681.6
31,Nebraska,2019,1,128696.6
31,Nebraska,2019,2,130122.7
31,Nebraska,2019,3,132310.1
31,Nebraska,2019,4,134280.2
31,Nebraska,2020,1,135795.6
31,Nebraska,2020,2,123141.7
31,Nebraska,2020,3,134653.8
31,Nebraska,2020,4,140165
31,Nebraska,2021,1,144702.9
31,Nebraska,2021,2,150507.1
31,Nebraska,2021,3,153585.7
32,Nevada,2010,1,122270.6
32,Nevada,2010,2,124136.6
32,Nevada,2010,3,125714.4
32,Nevada,2010,4,126556.1
32,Nevada,2011,1,125653.6
32,Nevada,2011,2,128566.1
32,Nevada,2011,3,127980.3
32,Nevada,2011,4,128511.5
32,Nevada,2012,1,129349.7
32,Nevada,2012,2,129373.2
32,Nevada,2012,3,129542.7
32,Nevada,2012,4,128986.1
32,Nevada,2013,1,131300
32,Nevada,2013,2,130850.3
32,Nevada,2013,3,132274.5
32,Nevada,2013,4,133920.9
32,Nevada,2014,1,133562.6
32,Nevada,2014,2,134745.3
32,Nevada,2014,3,136605.6
32,Nevada,2014,4,139121.1
32,Nevada,2015,1,141468.9
32,Nevada,2015,2,144791.1
32,Nevada,2015,3,146326.6
32,Nevada,2015,4,147877.2
32,Nevada,2016,1,149888.2
32,Nevada,2016,2,150660.4
32,Nevada,2016,3,151958
32,Nevada,2016,4,154854.9
32,Nevada,2017,1,158954.6
32,Nevada,2017,2,159629
32,Nevada,2017,3,161281.6
32,Nevada,2017,4,163274.7
32,Nevada,2018,1,167309.5
32,Nevada,2018,2,170005.3
32,Nevada,2018,3,171291.6
32,Nevada,2018,4,172805.1
32,Nevada,2019,1,178756.3
32,Nevada,2019,2,181161.2
32,Nevada,2019,3,183081.2
32,Nevada,2019,4,183974.5
32,Nevada,2020,1,181627.4
32,Nevada,2020,2,154769.9
32,Nevada,2020,3,172206.8
32,Nevada,2020,4,175171.1
32,Nevada,2021,1,180311.4
32,Nevada,2021,2,187393.9
32,Nevada,2021,3,192228.3
33,New Hampshire,2010,1,63357.3
33,New Hampshire,2010,2,65195.3
33,New Hampshire,2010,3,65346
33,New Hampshire,2010,4,65475.7
33,New Hampshire,2011,1,64732.3
33,New Hampshire,2011,2,66068.2
33,New Hampshire,2011,3,66262.9
33,New Hampshire,2011,4,67549.2
33,New Hampshire,2012,1,67319.4
33,New Hampshire,2012,2,68064.4
33,New Hampshire,2012,3,68839.8
33,New Hampshire,2012,4,69768.7
33,New Hampshire,2013,1,70006.4
33,New Hampshire,2013,2,69985.7
33,New Hampshire,2013,3,70624.8
33,New Hampshire,2013,4,71287.9
33,New Hampshire,2014,1,70883.2
33,New Hampshire,2014,2,72798.2
33,New Hampshire,2014,3,73170.1
33,New Hampshire,2014,4,75129.4
33,New Hampshire,2015,1,74430.9
33,New Hampshire,2015,2,76299.6
33,New Hampshire,2015,3,76663.1
33,New Hampshire,2015,4,78518.3
33,New Hampshire,2016,1,78413.1
33,New Hampshire,2016,2,78688.8
33,New Hampshire,2016,3,79119.8
33,New Hampshire,2016,4,80138.8
33,New Hampshire,2017,1,79788.4
33,New Hampshire,2017,2,80263
33,New Hampshire,2017,3,80464.1
33,New Hampshire,2017,4,82148
33,New Hampshire,2018,1,82205.2
33,New Hampshire,2018,2,83957.2
33,New Hampshire,2018,3,84448.5
33,New Hampshire,2018,4,84765.3
33,New Hampshire,2019,1,86071.2
33,New Hampshire,2019,2,86994.5
33,New Hampshire,2019,3,88011.3
33,New Hampshire,2019,4,88953.4
33,New Hampshire,2020,1,90373.3
33,New Hampshire,2020,2,81023.5
33,New Hampshire,2020,3,88842.1
33,New Hampshire,2020,4,90245.3
33,New Hampshire,2021,1,91399.7
33,New Hampshire,2021,2,93891.1
33,New Hampshire,2021,3,94305.5
34,New Jersey,2010,1,489825.5
34,New Jersey,2010,2,491519.3
34,New Jersey,2010,3,495253.1
34,New Jersey,2010,4,494451.7
34,New Jersey,2011,1,487799.7
34,New Jersey,2011,2,494139.4
34,New Jersey,2011,3,497243.6
34,New Jersey,2011,4,504680.6
34,New Jersey,2012,1,513255.1
34,New Jersey,2012,2,514889.1
34,New Jersey,2012,3,522276
34,New Jersey,2012,4,518363.1
34,New Jersey,2013,1,533914.9
34,New Jersey,2013,2,531037.8
34,New Jersey,2013,3,533123.6
34,New Jersey,2013,4,538634.9
34,New Jersey,2014,1,535654.2
34,New Jersey,2014,2,540941
34,New Jersey,2014,3,545950.7
34,New Jersey,2014,4,548825.3
34,New Jersey,2015,1,557467.4
34,New Jersey,2015,2,562865.5
34,New Jersey,2015,3,566496.2
34,New Jersey,2015,4,566106.2
34,New Jersey,2016,1,571766.1
34,New Jersey,2016,2,573865.2
34,New Jersey,2016,3,576799.2
34,New Jersey,2016,4,579573.4
34,New Jersey,2017,1,577918.5
34,New Jersey,2017,2,581950.2
34,New Jersey,2017,3,588398.8
34,New Jersey,2017,4,597231
34,New Jersey,2018,1,599685.2
34,New Jersey,2018,2,610361
34,New Jersey,2018,3,616164.9
34,New Jersey,2018,4,627823.7
34,New Jersey,2019,1,626979.7
34,New Jersey,2019,2,636579.1
34,New Jersey,2019,3,644458.3
34,New Jersey,2019,4,649729.7
34,New Jersey,2020,1,638654.3
34,New Jersey,2020,2,577107.6
34,New Jersey,2020,3,624411.1
34,New Jersey,2020,4,634144
34,New Jersey,2021,1,652223.3
34,New Jersey,2021,2,671482.9
34,New Jersey,2021,3,686841.7
35,New Mexico,2010,1,83570.2
35,New Mexico,2010,2,83603.9
35,New Mexico,2010,3,84365
35,New Mexico,2010,4,86907.1
35,New Mexico,2011,1,84984.4
35,New Mexico,2011,2,87150.1
35,New Mexico,2011,3,87541
35,New Mexico,2011,4,88575.8
35,New Mexico,2012,1,88174
35,New Mexico,2012,2,88777.5
35,New Mexico,2012,3,87716.9
35,New Mexico,2012,4,87032.5
35,New Mexico,2013,1,88057.8
35,New Mexico,2013,2,88332.6
35,New Mexico,2013,3,88953.4
35,New Mexico,2013,4,89683.6
35,New Mexico,2014,1,90141
35,New Mexico,2014,2,91901
35,New Mexico,2014,3,93093.2
35,New Mexico,2014,4,93607.6
35,New Mexico,2015,1,90625.8
35,New Mexico,2015,2,90857.7
35,New Mexico,2015,3,90265.3
35,New Mexico,2015,4,89348.5
35,New Mexico,2016,1,88655.6
35,New Mexico,2016,2,89401.6
35,New Mexico,2016,3,90023.5
35,New Mexico,2016,4,90997
35,New Mexico,2017,1,90894.2
35,New Mexico,2017,2,91707.1
35,New Mexico,2017,3,92505.6
35,New Mexico,2017,4,94137.4
35,New Mexico,2018,1,95800.2
35,New Mexico,2018,2,97253.7
35,New Mexico,2018,3,97768.1
35,New Mexico,2018,4,98254.7
35,New Mexico,2019,1,100099.6
35,New Mexico,2019,2,101402.1
35,New Mexico,2019,3,102447.1
35,New Mexico,2019,4,103937.2
35,New Mexico,2020,1,101902.2
35,New Mexico,2020,2,90750
35,New Mexico,2020,3,99513.6
35,New Mexico,2020,4,101722.7
35,New Mexico,2021,1,104748.4
35,New Mexico,2021,2,108241.5
35,New Mexico,2021,3,110696.1
36,New York,2010,1,1212281.1
36,New York,2010,2,1239431.8
36,New York,2010,3,1225133.3
36,New York,2010,4,1217272.5
36,New York,2011,1,1245779.2
36,New York,2011,2,1239973
36,New York,2011,3,1244390.3
36,New York,2011,4,1260280.6
36,New York,2012,1,1292014.6
36,New York,2012,2,1319126.3
36,New York,2012,3,1339392.5
36,New York,2012,4,1362400.6
36,New York,2013,1,1337603.4
36,New York,2013,2,1354773.5
36,New York,2013,3,1371706
36,New York,2013,4,1398033.1
36,New York,2014,1,1398650.6
36,New York,2014,2,1418894.7
36,New York,2014,3,1443978.6
36,New York,2014,4,1462169.5
36,New York,2015,1,1469160
36,New York,2015,2,1492987.1
36,New York,2015,3,1501956.7
36,New York,2015,4,1486406.9
36,New York,2016,1,1520204.6
36,New York,2016,2,1543252.5
36,New York,2016,3,1563388.2
36,New York,2016,4,1578571
36,New York,2017,1,1587773.1
36,New York,2017,2,1593848
36,New York,2017,3,1613042.2
36,New York,2017,4,1620950.3
36,New York,2018,1,1663136.9
36,New York,2018,2,1692468
36,New York,2018,3,1708910.4
36,New York,2018,4,1715316.2
36,New York,2019,1,1737120.5
36,New York,2019,2,1769083.1
36,New York,2019,3,1790613.6
36,New York,2019,4,1814189.9
36,New York,2020,1,1751310.8
36,New York,2020,2,1627415.7
36,New York,2020,3,1742921.2
36,New York,2020,4,1777388.6
36,New York,2021,1,1813747.7
36,New York,2021,2,1868223.7
36,New York,2021,3,1893670.4
37,North Carolina,2010,1,413761.4
37,North Carolina,2010,2,418039.2
37,North Carolina,2010,3,420370.5
37,North Carolina,2010,4,427939.2
37,North Carolina,2011,1,426881.7
37,North Carolina,2011,2,434189
37,North Carolina,2011,3,432304.8
37,North Carolina,2011,4,433515.4
37,North Carolina,2012,1,442890.2
37,North Carolina,2012,2,441916.5
37,North Carolina,2012,3,447960.3
37,North Carolina,2012,4,447614.3
37,North Carolina,2013,1,454847.2
37,North Carolina,2013,2,457111.4
37,North Carolina,2013,3,465204.6
37,North Carolina,2013,4,471912.5
37,North Carolina,2014,1,475814
37,North Carolina,2014,2,479200.7
37,North Carolina,2014,3,487121.2
37,North Carolina,2014,4,490629.3
37,North Carolina,2015,1,501311
37,North Carolina,2015,2,508250.3
37,North Carolina,2015,3,512580.4
37,North Carolina,2015,4,513573.2
37,North Carolina,2016,1,519642.5
37,North Carolina,2016,2,524137.6
37,North Carolina,2016,3,527634.7
37,North Carolina,2016,4,532704.3
37,North Carolina,2017,1,541666.9
37,North Carolina,2017,2,545455.4
37,North Carolina,2017,3,551567.4
37,North Carolina,2017,4,559992.8
37,North Carolina,2018,1,564158.9
37,North Carolina,2018,2,570233.3
37,North Carolina,2018,3,572001.7
37,North Carolina,2018,4,573533
37,North Carolina,2019,1,586402.8
37,North Carolina,2019,2,593355.3
37,North Carolina,2019,3,598795.3
37,North Carolina,2019,4,604068.1
37,North Carolina,2020,1,606710.2
37,North Carolina,2020,2,549497.7
37,North Carolina,2020,3,596444.6
37,North Carolina,2020,4,606663.8
37,North Carolina,2021,1,627040.5
37,North Carolina,2021,2,646207.3
37,North Carolina,2021,3,659616.1
38,North Dakota,2010,1,34096.2
38,North Dakota,2010,2,35173.4
38,North Dakota,2010,3,36089.5
38,North Dakota,2010,4,37345.5
38,North Dakota,2011,1,38574.8
38,North Dakota,2011,2,40388.1
38,North Dakota,2011,3,42081.7
38,North Dakota,2011,4,45306
38,North Dakota,2012,1,48721.5
38,North Dakota,2012,2,51569.7
38,North Dakota,2012,3,53022.3
38,North Dakota,2012,4,54016.7
38,North Dakota,2013,1,52790.9
38,North Dakota,2013,2,53694.6
38,North Dakota,2013,3,55361.8
38,North Dakota,2013,4,55236.6
38,North Dakota,2014,1,57228.5
38,North Dakota,2014,2,60165.9
38,North Dakota,2014,3,61050.3
38,North Dakota,2014,4,61260.4
38,North Dakota,2015,1,57488.3
38,North Dakota,2015,2,56469.2
38,North Dakota,2015,3,55492
38,North Dakota,2015,4,54538.1
38,North Dakota,2016,1,51046.9
38,North Dakota,2016,2,51578.5
38,North Dakota,2016,3,52213.6
38,North Dakota,2016,4,53117.9
38,North Dakota,2017,1,54299.8
38,North Dakota,2017,2,54897.5
38,North Dakota,2017,3,55260.6
38,North Dakota,2017,4,56453.9
38,North Dakota,2018,1,58687.1
38,North Dakota,2018,2,59378.5
38,North Dakota,2018,3,59459.1
38,North Dakota,2018,4,58845.8
38,North Dakota,2019,1,58296.9
38,North Dakota,2019,2,58769.9
38,North Dakota,2019,3,59003.1
38,North Dakota,2019,4,59948.2
38,North Dakota,2020,1,56611.8
38,North Dakota,2020,2,49891.9
38,North Dakota,2020,3,55395.6
38,North Dakota,2020,4,57517.5
38,North Dakota,2021,1,61700.8
38,North Dakota,2021,2,64978.5
38,North Dakota,2021,3,66632.2
39,Ohio,2010,1,488376.2
39,Ohio,2010,2,496834.5
39,Ohio,2010,3,505466.3
39,Ohio,2010,4,511384.4
39,Ohio,2011,1,515875.4
39,Ohio,2011,2,523662.2
39,Ohio,2011,3,531907.2
39,Ohio,2011,4,541315
39,Ohio,2012,1,539255.8
39,Ohio,2012,2,546223.1
39,Ohio,2012,3,549189.9
39,Ohio,2012,4,548291.8
39,Ohio,2013,1,559736.7
39,Ohio,2013,2,560521.1
39,Ohio,2013,3,567981.6
39,Ohio,2013,4,577890.2
39,Ohio,2014,1,579409.6
39,Ohio,2014,2,592476.9
39,Ohio,2014,3,603948
39,Ohio,2014,4,606729.1
39,Ohio,2015,1,605471.3
39,Ohio,2015,2,610885.7
39,Ohio,2015,3,611441.6
39,Ohio,2015,4,616279.3
39,Ohio,2016,1,612773.3
39,Ohio,2016,2,621300.9
39,Ohio,2016,3,626576.6
39,Ohio,2016,4,632410.5
39,Ohio,2017,1,632678.8
39,Ohio,2017,2,637071.2
39,Ohio,2017,3,643332.9
39,Ohio,2017,4,653900.4
39,Ohio,2018,1,654377.3
39,Ohio,2018,2,665169
39,Ohio,2018,3,671082.3
39,Ohio,2018,4,677267.2
39,Ohio,2019,1,680513.6
39,Ohio,2019,2,690299.6
39,Ohio,2019,3,697900.9
39,Ohio,2019,4,704083
39,Ohio,2020,1,696626.1
39,Ohio,2020,2,630460.7
39,Ohio,2020,3,685790.1
39,Ohio,2020,4,697367.9
39,Ohio,2021,1,710819.6
39,Ohio,2021,2,732117.2
39,Ohio,2021,3,745000.1
40,Oklahoma,2010,1,150164.2
40,Oklahoma,2010,2,153425.3
40,Oklahoma,2010,3,155877.3
40,Oklahoma,2010,4,157683
40,Oklahoma,2011,1,158697.9
40,Oklahoma,2011,2,165263
40,Oklahoma,2011,3,168959.9
40,Oklahoma,2011,4,172022.5
40,Oklahoma,2012,1,173950.2
40,Oklahoma,2012,2,174506.3
40,Oklahoma,2012,3,174260.4
40,Oklahoma,2012,4,176780.8
40,Oklahoma,2013,1,180231.8
40,Oklahoma,2013,2,180755.8
40,Oklahoma,2013,3,183127
40,Oklahoma,2013,4,186664.3
40,Oklahoma,2014,1,191077
40,Oklahoma,2014,2,196293
40,Oklahoma,2014,3,201385.7
40,Oklahoma,2014,4,197770.8
40,Oklahoma,2015,1,188681.7
40,Oklahoma,2015,2,186373.4
40,Oklahoma,2015,3,187137.4
40,Oklahoma,2015,4,185069.9
40,Oklahoma,2016,1,177210.4
40,Oklahoma,2016,2,180390.9
40,Oklahoma,2016,3,182473.2
40,Oklahoma,2016,4,184903
40,Oklahoma,2017,1,187639.6
40,Oklahoma,2017,2,189273.1
40,Oklahoma,2017,3,190633.9
40,Oklahoma,2017,4,195151.4
40,Oklahoma,2018,1,198670.5
40,Oklahoma,2018,2,202106
40,Oklahoma,2018,3,203737.3
40,Oklahoma,2018,4,205352.7
40,Oklahoma,2019,1,199052.4
40,Oklahoma,2019,2,203319.8
40,Oklahoma,2019,3,204941.8
40,Oklahoma,2019,4,207485
40,Oklahoma,2020,1,197204
40,Oklahoma,2020,2,170950.3
40,Oklahoma,2020,3,189727.6
40,Oklahoma,2020,4,194344.7
40,Oklahoma,2021,1,199191.9
40,Oklahoma,2021,2,205558.5
40,Oklahoma,2021,3,211052.6
41,Oregon,2010,1,163255
41,Oregon,2010,2,162814.5
41,Oregon,2010,3,164742.3
41,Oregon,2010,4,165736.9
41,Oregon,2011,1,169414.9
41,Oregon,2011,2,170136.9
41,Oregon,2011,3,169998.8
41,Oregon,2011,4,172973
41,Oregon,2012,1,174351.4
41,Oregon,2012,2,175184.4
41,Oregon,2012,3,175561.2
41,Oregon,2012,4,173346.8
41,Oregon,2013,1,176898
41,Oregon,2013,2,177996.1
41,Oregon,2013,3,180369.1
41,Oregon,2013,4,182847.5
41,Oregon,2014,1,182531
41,Oregon,2014,2,186849.4
41,Oregon,2014,3,190531.1
41,Oregon,2014,4,192571.1
41,Oregon,2015,1,197022.3
41,Oregon,2015,2,199028.2
41,Oregon,2015,3,202943.2
41,Oregon,2015,4,203644.6
41,Oregon,2016,1,208402.5
41,Oregon,2016,2,210385.3
41,Oregon,2016,3,212101
41,Oregon,2016,4,214334.7
41,Oregon,2017,1,218751.6
41,Oregon,2017,2,220428
41,Oregon,2017,3,223691.1
41,Oregon,2017,4,227584.3
41,Oregon,2018,1,233088.6
41,Oregon,2018,2,236532.1
41,Oregon,2018,3,238281.4
41,Oregon,2018,4,240361.9
41,Oregon,2019,1,243368.2
41,Oregon,2019,2,245837.1
41,Oregon,2019,3,247999.8
41,Oregon,2019,4,249383.2
41,Oregon,2020,1,250990.2
41,Oregon,2020,2,227090.7
41,Oregon,2020,3,247175.6
41,Oregon,2020,4,249850.9
41,Oregon,2021,1,256357.8
41,Oregon,2021,2,264113.3
41,Oregon,2021,3,270120.2
42,Pennsylvania,2010,1,590889.5
42,Pennsylvania,2010,2,601125.4
42,Pennsylvania,2010,3,610578.4
42,Pennsylvania,2010,4,616353.9
42,Pennsylvania,2011,1,610520.2
42,Pennsylvania,2011,2,622117.8
42,Pennsylvania,2011,3,629445.2
42,Pennsylvania,2011,4,637195.7
42,Pennsylvania,2012,1,641584.3
42,Pennsylvania,2012,2,647656.2
42,Pennsylvania,2012,3,652646.9
42,Pennsylvania,2012,4,649816
42,Pennsylvania,2013,1,660425.4
42,Pennsylvania,2013,2,665443.2
42,Pennsylvania,2013,3,670007.2
42,Pennsylvania,2013,4,678400.4
42,Pennsylvania,2014,1,678505.8
42,Pennsylvania,2014,2,690745.6
42,Pennsylvania,2014,3,701835
42,Pennsylvania,2014,4,705484
42,Pennsylvania,2015,1,709728.5
42,Pennsylvania,2015,2,714130.6
42,Pennsylvania,2015,3,715545.5
42,Pennsylvania,2015,4,717406.8
42,Pennsylvania,2016,1,718254.2
42,Pennsylvania,2016,2,724346.2
42,Pennsylvania,2016,3,728938.3
42,Pennsylvania,2016,4,734709.1
42,Pennsylvania,2017,1,734610.7
42,Pennsylvania,2017,2,740364.3
42,Pennsylvania,2017,3,748124.1
42,Pennsylvania,2017,4,756946
42,Pennsylvania,2018,1,759634.4
42,Pennsylvania,2018,2,770317.1
42,Pennsylvania,2018,3,776048.1
42,Pennsylvania,2018,4,784446.1
42,Pennsylvania,2019,1,784639.9
42,Pennsylvania,2019,2,795604.6
42,Pennsylvania,2019,3,805954.2
42,Pennsylvania,2019,4,812546
42,Pennsylvania,2020,1,795604.8
42,Pennsylvania,2020,2,717797.7
42,Pennsylvania,2020,3,780295.8
42,Pennsylvania,2020,4,793893.3
42,Pennsylvania,2021,1,809189.8
42,Pennsylvania,2021,2,832704
42,Pennsylvania,2021,3,849817.7
44,Rhode Island,2010,1,48570.4
44,Rhode Island,2010,2,49346.4
44,Rhode Island,2010,3,49881.1
44,Rhode Island,2010,4,50075.5
44,Rhode Island,2011,1,49039.1
44,Rhode Island,2011,2,50530.6
44,Rhode Island,2011,3,50508.6
44,Rhode Island,2011,4,50746.1
44,Rhode Island,2012,1,51277.6
44,Rhode Island,2012,2,51623.1
44,Rhode Island,2012,3,51769.4
44,Rhode Island,2012,4,51662
44,Rhode Island,2013,1,52814.7
44,Rhode Island,2013,2,52559.8
44,Rhode Island,2013,3,53152.8
44,Rhode Island,2013,4,53609
44,Rhode Island,2014,1,53834
44,Rhode Island,2014,2,54190.9
44,Rhode Island,2014,3,54637.6
44,Rhode Island,2014,4,55576.2
44,Rhode Island,2015,1,55800.3
44,Rhode Island,2015,2,56380.5
44,Rhode Island,2015,3,56395.1
44,Rhode Island,2015,4,56987.3
44,Rhode Island,2016,1,56828.2
44,Rhode Island,2016,2,56983.3
44,Rhode Island,2016,3,57554.5
44,Rhode Island,2016,4,58048
44,Rhode Island,2017,1,57325.5
44,Rhode Island,2017,2,57667
44,Rhode Island,2017,3,57896.7
44,Rhode Island,2017,4,58873.9
44,Rhode Island,2018,1,58369.1
44,Rhode Island,2018,2,59166.8
44,Rhode Island,2018,3,59499.9
44,Rhode Island,2018,4,59480.1
44,Rhode Island,2019,1,60135.5
44,Rhode Island,2019,2,60889.5
44,Rhode Island,2019,3,61717.8
44,Rhode Island,2019,4,62533.6
44,Rhode Island,2020,1,61799.2
44,Rhode Island,2020,2,56825.3
44,Rhode Island,2020,3,61273.5
44,Rhode Island,2020,4,62327.4
44,Rhode Island,2021,1,62273.1
44,Rhode Island,2021,2,64170.5
44,Rhode Island,2021,3,65348
45,South Carolina,2010,1,163087.4
45,South Carolina,2010,2,165462.3
45,South Carolina,2010,3,166741
45,South Carolina,2010,4,168149.3
45,South Carolina,2011,1,169265.5
45,South Carolina,2011,2,172338.3
45,South Carolina,2011,3,172645.5
45,South Carolina,2011,4,174051.1
45,South Carolina,2012,1,176868.5
45,South Carolina,2012,2,177338.2
45,South Carolina,2012,3,178248
45,South Carolina,2012,4,178018
45,South Carolina,2013,1,182639.5
45,South Carolina,2013,2,182372.4
45,South Carolina,2013,3,186285.4
45,South Carolina,2013,4,188738.9
45,South Carolina,2014,1,189404.7
45,South Carolina,2014,2,194084.6
45,South Carolina,2014,3,196306.2
45,South Carolina,2014,4,197615.2
45,South Carolina,2015,1,201236.3
45,South Carolina,2015,2,204010.6
45,South Carolina,2015,3,208210.2
45,South Carolina,2015,4,209809.6
45,South Carolina,2016,1,212533.8
45,South Carolina,2016,2,214634.8
45,South Carolina,2016,3,216020.3
45,South Carolina,2016,4,217292.1
45,South Carolina,2017,1,220212
45,South Carolina,2017,2,221110.9
45,South Carolina,2017,3,223379.6
45,South Carolina,2017,4,227477.1
45,South Carolina,2018,1,229138.1
45,South Carolina,2018,2,233603
45,South Carolina,2018,3,235138.1
45,South Carolina,2018,4,236782
45,South Carolina,2019,1,240659.4
45,South Carolina,2019,2,243171.7
45,South Carolina,2019,3,246021.7
45,South Carolina,2019,4,248796.4
45,South Carolina,2020,1,250492.5
45,South Carolina,2020,2,227489.2
45,South Carolina,2020,3,249007.8
45,South Carolina,2020,4,252537.3
45,South Carolina,2021,1,258333.3
45,South Carolina,2021,2,266078.5
45,South Carolina,2021,3,271374.4
46,South Dakota,2010,1,36693.1
46,South Dakota,2010,2,37127.9
46,South Dakota,2010,3,38434.5
46,South Dakota,2010,4,39154.4
46,South Dakota,2011,1,40546
46,South Dakota,2011,2,41384.5
46,South Dakota,2011,3,41989.1
46,South Dakota,2011,4,43648.7
46,South Dakota,2012,1,44208.7
46,South Dakota,2012,2,44318
46,South Dakota,2012,3,42376.2
46,South Dakota,2012,4,44703.1
46,South Dakota,2013,1,45176.6
46,South Dakota,2013,2,45321.9
46,South Dakota,2013,3,45524.2
46,South Dakota,2013,4,45421.5
46,South Dakota,2014,1,46686.6
46,South Dakota,2014,2,47358.2
46,South Dakota,2014,3,46728.2
46,South Dakota,2014,4,46368.5
46,South Dakota,2015,1,47108.9
46,South Dakota,2015,2,47542.3
46,South Dakota,2015,3,48164.3
46,South Dakota,2015,4,49465.2
46,South Dakota,2016,1,47613.1
46,South Dakota,2016,2,48858.5
46,South Dakota,2016,3,49869.2
46,South Dakota,2016,4,50264.9
46,South Dakota,2017,1,50731.9
46,South Dakota,2017,2,50422.2
46,South Dakota,2017,3,50028.9
46,South Dakota,2017,4,50014.6
46,South Dakota,2018,1,52476.7
46,South Dakota,2018,2,52429.1
46,South Dakota,2018,3,52206
46,South Dakota,2018,4,52505.2
46,South Dakota,2019,1,53381.5
46,South Dakota,2019,2,53681.3
46,South Dakota,2019,3,54223.5
46,South Dakota,2019,4,54473.3
46,South Dakota,2020,1,56768.1
46,South Dakota,2020,2,50659.8
46,South Dakota,2020,3,55134.6
46,South Dakota,2020,4,56595.1
46,South Dakota,2021,1,58263.9
46,South Dakota,2021,2,60810.4
46,South Dakota,2021,3,61732.4
47,Tennessee,2010,1,255253.9
47,Tennessee,2010,2,256782.9
47,Tennessee,2010,3,258035
47,Tennessee,2010,4,261032
47,Tennessee,2011,1,263046.6
47,Tennessee,2011,2,268001.1
47,Tennessee,2011,3,271961.4
47,Tennessee,2011,4,276247.9
47,Tennessee,2012,1,281241.5
47,Tennessee,2012,2,286905.2
47,Tennessee,2012,3,287425.2
47,Tennessee,2012,4,289793.9
47,Tennessee,2013,1,295031
47,Tennessee,2013,2,293120.1
47,Tennessee,2013,3,296056.9
47,Tennessee,2013,4,299243
47,Tennessee,2014,1,299850.3
47,Tennessee,2014,2,304617.4
47,Tennessee,2014,3,308659.4
47,Tennessee,2014,4,311485.5
47,Tennessee,2015,1,318009.3
47,Tennessee,2015,2,324676.4
47,Tennessee,2015,3,328626.3
47,Tennessee,2015,4,329864.2
47,Tennessee,2016,1,332715.7
47,Tennessee,2016,2,335351.5
47,Tennessee,2016,3,336705.5
47,Tennessee,2016,4,340882.9
47,Tennessee,2017,1,344436.5
47,Tennessee,2017,2,347619.5
47,Tennessee,2017,3,351236.6
47,Tennessee,2017,4,356058.1
47,Tennessee,2018,1,356362.8
47,Tennessee,2018,2,361798.4
47,Tennessee,2018,3,362477.9
47,Tennessee,2018,4,364887
47,Tennessee,2019,1,369726.4
47,Tennessee,2019,2,374200.9
47,Tennessee,2019,3,379347.9
47,Tennessee,2019,4,384390.8
47,Tennessee,2020,1,385084.1
47,Tennessee,2020,2,335381.6
47,Tennessee,2020,3,374745.9
47,Tennessee,2020,4,383085.4
47,Tennessee,2021,1,399015.6
47,Tennessee,2021,2,411689.2
47,Tennessee,2021,3,421086.3
48,Texas,2010,1,1223263.6
48,Texas,2010,2,1232018.4
48,Texas,2010,3,1252740.9
48,Texas,2010,4,1275814.8
48,Texas,2011,1,1303586.3
48,Texas,2011,2,1340245
48,Texas,2011,3,1348558.1
48,Texas,2011,4,1372948.1
48,Texas,2012,1,1397505.5
48,Texas,2012,2,1407203.6
48,Texas,2012,3,1422024.7
48,Texas,2012,4,1457986.7
48,Texas,2013,1,1480600.7
48,Texas,2013,2,1504689.6
48,Texas,2013,3,1533953
48,Texas,2013,4,1541539
48,Texas,2014,1,1543903.2
48,Texas,2014,2,1581236.8
48,Texas,2014,3,1602329.8
48,Texas,2014,4,1589728.1
48,Texas,2015,1,1576808.8
48,Texas,2015,2,1571265.7
48,Texas,2015,3,1575692.5
48,Texas,2015,4,1570226.5
48,Texas,2016,1,1544875.4
48,Texas,2016,2,1570317.8
48,Texas,2016,3,1589593.5
48,Texas,2016,4,1611272.9
48,Texas,2017,1,1639052.7
48,Texas,2017,2,1658947.3
48,Texas,2017,3,1681959.2
48,Texas,2017,4,1728484.4
48,Texas,2018,1,1771498.6
48,Texas,2018,2,1809853.1
48,Texas,2018,3,1824391.1
48,Texas,2018,4,1833083
48,Texas,2019,1,1843237.1
48,Texas,2019,2,1859484
48,Texas,2019,3,1868548.2
48,Texas,2019,4,1884546.1
48,Texas,2020,1,1840887.8
48,Texas,2020,2,1634208.1
48,Texas,2020,3,1794321
48,Texas,2020,4,1832934.5
48,Texas,2021,1,1886861.7
48,Texas,2021,2,1950358.9
48,Texas,2021,3,2006662.1
49,Utah,2010,1,116383.5
49,Utah,2010,2,116819.7
49,Utah,2010,3,119234
49,Utah,2010,4,122242
49,Utah,2011,1,123234.6
49,Utah,2011,2,125661.1
49,Utah,2011,3,126310.4
49,Utah,2011,4,127053.8
49,Utah,2012,1,129079.6
49,Utah,2012,2,129035
49,Utah,2012,3,129025.8
49,Utah,2012,4,130909.6
49,Utah,2013,1,133362.7
49,Utah,2013,2,134422.1
49,Utah,2013,3,136800.1
49,Utah,2013,4,137216.6
49,Utah,2014,1,139570.1
49,Utah,2014,2,141655.3
49,Utah,2014,3,142978.9
49,Utah,2014,4,144396.2
49,Utah,2015,1,146212
49,Utah,2015,2,148557.2
49,Utah,2015,3,149985.2
49,Utah,2015,4,151859.1
49,Utah,2016,1,154696
49,Utah,2016,2,156826.7
49,Utah,2016,3,158879.5
49,Utah,2016,4,160907.1
49,Utah,2017,1,164237.3
49,Utah,2017,2,166217.4
49,Utah,2017,3,168905.2
49,Utah,2017,4,172873.6
49,Utah,2018,1,178186.8
49,Utah,2018,2,182401.7
49,Utah,2018,3,184361.2
49,Utah,2018,4,185624.5
49,Utah,2019,1,192650.4
49,Utah,2019,2,194484.7
49,Utah,2019,3,196101.2
49,Utah,2019,4,197117.2
49,Utah,2020,1,203613.9
49,Utah,2020,2,184855.9
49,Utah,2020,3,199793
49,Utah,2020,4,201984.9
49,Utah,2021,1,206417.4
49,Utah,2021,2,212854.5
49,Utah,2021,3,217702.2
50,Vermont,2010,1,26754.8
50,Vermont,2010,2,27325.8
50,Vermont,2010,3,27758.2
50,Vermont,2010,4,27787.6
50,Vermont,2011,1,27788.3
50,Vermont,2011,2,28260.1
50,Vermont,2011,3,28421.7
50,Vermont,2011,4,29204.5
50,Vermont,2012,1,29053.7
50,Vermont,2012,2,29591.5
50,Vermont,2012,3,29379.9
50,Vermont,2012,4,28939.9
50,Vermont,2013,1,29331.6
50,Vermont,2013,2,29251.7
50,Vermont,2013,3,29130.9
50,Vermont,2013,4,29444
50,Vermont,2014,1,29279.5
50,Vermont,2014,2,29805.9
50,Vermont,2014,3,30458.4
50,Vermont,2014,4,30853.7
50,Vermont,2015,1,30657.1
50,Vermont,2015,2,30800.9
50,Vermont,2015,3,31127.3
50,Vermont,2015,4,31147.7
50,Vermont,2016,1,31269.4
50,Vermont,2016,2,31571.8
50,Vermont,2016,3,31789
50,Vermont,2016,4,32014.5
50,Vermont,2017,1,31937.5
50,Vermont,2017,2,32077
50,Vermont,2017,3,32294.3
50,Vermont,2017,4,32678.8
50,Vermont,2018,1,32677.6
50,Vermont,2018,2,33044.4
50,Vermont,2018,3,33116.5
50,Vermont,2018,4,33292.2
50,Vermont,2019,1,33520.3
50,Vermont,2019,2,33896.4
50,Vermont,2019,3,34323.6
50,Vermont,2019,4,34769.7
50,Vermont,2020,1,34378.2
50,Vermont,2020,2,30803.8
50,Vermont,2020,3,34028.4
50,Vermont,2020,4,34529.4
50,Vermont,2021,1,34981.5
50,Vermont,2021,2,36088.5
50,Vermont,2021,3,36673.9
51,Virginia,2010,1,418706.7
51,Virginia,2010,2,426462.6
51,Virginia,2010,3,430039.6
51,Virginia,2010,4,432760.7
51,Virginia,2011,1,430027.7
51,Virginia,2011,2,433571.1
51,Virginia,2011,3,436602.6
51,Virginia,2011,4,440519.7
51,Virginia,2012,1,441572.4
51,Virginia,2012,2,444776.8
51,Virginia,2012,3,448600.7
51,Virginia,2012,4,448944.6
51,Virginia,2013,1,456522
51,Virginia,2013,2,455409.3
51,Virginia,2013,3,457623.3
51,Virginia,2013,4,461007.3
51,Virginia,2014,1,458072.3
51,Virginia,2014,2,463363.9
51,Virginia,2014,3,467632.6
51,Virginia,2014,4,471658.4
51,Virginia,2015,1,476016.8
51,Virginia,2015,2,483114.4
51,Virginia,2015,3,487682.1
51,Virginia,2015,4,488332.6
51,Virginia,2016,1,488467.5
51,Virginia,2016,2,494172.3
51,Virginia,2016,3,498106.1
51,Virginia,2016,4,503338.6
51,Virginia,2017,1,501851.8
51,Virginia,2017,2,505836
51,Virginia,2017,3,511500.5
51,Virginia,2017,4,520383
51,Virginia,2018,1,522470.1
51,Virginia,2018,2,531295
51,Virginia,2018,3,535206.1
51,Virginia,2018,4,538057.1
51,Virginia,2019,1,546052.2
51,Virginia,2019,2,551335.8
51,Virginia,2019,3,557589
51,Virginia,2019,4,562246.3
51,Virginia,2020,1,561706.1
51,Virginia,2020,2,516948.3
51,Virginia,2020,3,555057.2
51,Virginia,2020,4,564431.7
51,Virginia,2021,1,571358.7
51,Virginia,2021,2,586249.7
51,Virginia,2021,3,597983.1
53,Washington,2010,1,356272.7
53,Washington,2010,2,364862.2
53,Washington,2010,3,368781.9
53,Washington,2010,4,372074.2
53,Washington,2011,1,374002.3
53,Washington,2011,2,377051.8
53,Washington,2011,3,379621
53,Washington,2011,4,387624.2
53,Washington,2012,1,395410.5
53,Washington,2012,2,399945
53,Washington,2012,3,404652.6
53,Washington,2012,4,402114.2
53,Washington,2013,1,413912.4
53,Washington,2013,2,414997.5
53,Washington,2013,3,422764.3
53,Washington,2013,4,424695.3
53,Washington,2014,1,429419.3
53,Washington,2014,2,435640.1
53,Washington,2014,3,446928.1
53,Washington,2014,4,450604.4
53,Washington,2015,1,457749.9
53,Washington,2015,2,465354
53,Washington,2015,3,472109.2
53,Washington,2015,4,471545.8
53,Washington,2016,1,484068.9
53,Washington,2016,2,483284.4
53,Washington,2016,3,488571.3
53,Washington,2016,4,493175.8
53,Washington,2017,1,510858.2
53,Washington,2017,2,515205
53,Washington,2017,3,522022.3
53,Washington,2017,4,531685.9
53,Washington,2018,1,551251.3
53,Washington,2018,2,564977.1
53,Washington,2018,3,569708.6
53,Washington,2018,4,571985.9
53,Washington,2019,1,589231.4
53,Washington,2019,2,595885.4
53,Washington,2019,3,600837.2
53,Washington,2019,4,605541.1
53,Washington,2020,1,615445.4
53,Washington,2020,2,567804.8
53,Washington,2020,3,612596.1
53,Washington,2020,4,621169
53,Washington,2021,1,638584.6
53,Washington,2021,2,661519.7
53,Washington,2021,3,673168.7
54,West Virginia,2010,1,64570.3
54,West Virginia,2010,2,65283.5
54,West Virginia,2010,3,67051.9
54,West Virginia,2010,4,67088.9
54,West Virginia,2011,1,66874.4
54,West Virginia,2011,2,69427.2
54,West Virginia,2011,3,69854.2
54,West Virginia,2011,4,70780.5
54,West Virginia,2012,1,70723.6
54,West Virginia,2012,2,70918.3
54,West Virginia,2012,3,70082.6
54,West Virginia,2012,4,69564.3
54,West Virginia,2013,1,71184.2
54,West Virginia,2013,2,71214.3
54,West Virginia,2013,3,71630.3
54,West Virginia,2013,4,71897.2
54,West Virginia,2014,1,71304.6
54,West Virginia,2014,2,72919.5
54,West Virginia,2014,3,73434.9
54,West Virginia,2014,4,72933.8
54,West Virginia,2015,1,71162
54,West Virginia,2015,2,71962.2
54,West Virginia,2015,3,71393.5
54,West Virginia,2015,4,70756.5
54,West Virginia,2016,1,69226.4
54,West Virginia,2016,2,70547
54,West Virginia,2016,3,71446.1
54,West Virginia,2016,4,72478.2
54,West Virginia,2017,1,73785.5
54,West Virginia,2017,2,74297.9
54,West Virginia,2017,3,74808.3
54,West Virginia,2017,4,76306
54,West Virginia,2018,1,77979.6
54,West Virginia,2018,2,79064.2
54,West Virginia,2018,3,79392.8
54,West Virginia,2018,4,79742.5
54,West Virginia,2019,1,77282.6
54,West Virginia,2019,2,78448.5
54,West Virginia,2019,3,79530.7
54,West Virginia,2019,4,81296.9
54,West Virginia,2020,1,78278.1
54,West Virginia,2020,2,69001.5
54,West Virginia,2020,3,76981.2
54,West Virginia,2020,4,79159.1
54,West Virginia,2021,1,82441.9
54,West Virginia,2021,2,85798.9
54,West Virginia,2021,3,88242.5
55,Wisconsin,2010,1,250933
55,Wisconsin,2010,2,254616.9
55,Wisconsin,2010,3,258286.4
55,Wisconsin,2010,4,261895.3
55,Wisconsin,2011,1,261358.9
55,Wisconsin,2011,2,264748.5
55,Wisconsin,2011,3,268774.7
55,Wisconsin,2011,4,270575.3
55,Wisconsin,2012,1,275468
55,Wisconsin,2012,2,277546.2
55,Wisconsin,2012,3,277304.2
55,Wisconsin,2012,4,278110
55,Wisconsin,2013,1,281854.9
55,Wisconsin,2013,2,282055
55,Wisconsin,2013,3,284636.6
55,Wisconsin,2013,4,288536.9
55,Wisconsin,2014,1,288094
55,Wisconsin,2014,2,295521.7
55,Wisconsin,2014,3,298417.7
55,Wisconsin,2014,4,300750.6
55,Wisconsin,2015,1,303173.5
55,Wisconsin,2015,2,306929.5
55,Wisconsin,2015,3,309291.1
55,Wisconsin,2015,4,310637.6
55,Wisconsin,2016,1,311041
55,Wisconsin,2016,2,313641.8
55,Wisconsin,2016,3,315213.5
55,Wisconsin,2016,4,316396.7
55,Wisconsin,2017,1,314961.4
55,Wisconsin,2017,2,315950.9
55,Wisconsin,2017,3,318554.4
55,Wisconsin,2017,4,323990.2
55,Wisconsin,2018,1,326217.2
55,Wisconsin,2018,2,331471.6
55,Wisconsin,2018,3,334007.4
55,Wisconsin,2018,4,337357.7
55,Wisconsin,2019,1,338647.4
55,Wisconsin,2019,2,343395.1
55,Wisconsin,2019,3,346870.8
55,Wisconsin,2019,4,349986
55,Wisconsin,2020,1,346810.6
55,Wisconsin,2020,2,313347.5
55,Wisconsin,2020,3,343004.2
55,Wisconsin,2020,4,347693.9
55,Wisconsin,2021,1,352389.3
55,Wisconsin,2021,2,363585.9
55,Wisconsin,2021,3,369022.7
56,Wyoming,2010,1,37439.5
56,Wyoming,2010,2,37248
56,Wyoming,2010,3,37861.2
56,Wyoming,2010,4,38174.2
56,Wyoming,2011,1,38780.9
56,Wyoming,2011,2,40041
56,Wyoming,2011,3,39777.8
56,Wyoming,2011,4,40405.8
56,Wyoming,2012,1,39782.7
56,Wyoming,2012,2,39216.3
56,Wyoming,2012,3,38214.6
56,Wyoming,2012,4,38208
56,Wyoming,2013,1,39385.4
56,Wyoming,2013,2,39017.8
56,Wyoming,2013,3,39462.3
56,Wyoming,2013,4,39293.6
56,Wyoming,2014,1,39665.6
56,Wyoming,2014,2,40508.8
56,Wyoming,2014,3,40788.3
56,Wyoming,2014,4,40279.7
56,Wyoming,2015,1,38897.2
56,Wyoming,2015,2,38717.5
56,Wyoming,2015,3,38586
56,Wyoming,2015,4,37506.9
56,Wyoming,2016,1,35259.2
56,Wyoming,2016,2,35785.7
56,Wyoming,2016,3,36069
56,Wyoming,2016,4,36402
56,Wyoming,2017,1,36505.8
56,Wyoming,2017,2,36654.1
56,Wyoming,2017,3,36714.8
56,Wyoming,2017,4,37580.3
56,Wyoming,2018,1,38463.9
56,Wyoming,2018,2,39064.2
56,Wyoming,2018,3,39240.1
56,Wyoming,2018,4,39360.9
56,Wyoming,2019,1,38910.9
56,Wyoming,2019,2,39479.4
56,Wyoming,2019,3,39703.2
56,Wyoming,2019,4,40309.9
56,Wyoming,2020,1,38581.1
56,Wyoming,2020,2,32691.6
56,Wyoming,2020,3,36473.1
56,Wyoming,2020,4,37548.1
56,Wyoming,2021,1,39754.9
56,Wyoming,2021,2,41198.9
56,Wyoming,2021,3,42535.8
